rspo,school_name,year,kept_miejscowosc,kept_ulica_nr,declined_miejscowosc,declined_ulica_nr,dropped_words
2970,NIEPUBLICZNA SZKOŁA PODSTAWOWA W GOŁĄBKU,2026,Gołąbek,ul. Szkolna 26,Gołąbek,Szkolna 26,ul
3471,SZKOŁA PODSTAWOWA IM. JANA PAWŁA II W STUPSKU,2026,Stupsk,ul. Henryka Sienkiewicza 11,Stupsk,Sienkiewicza 11,ul henryka
3798,SZKOŁA PODSTAWOWA IM. FRYDERYKA CHOPINA W KSIĄŻENICACH,2026,Książenice,al. E. Marylskiego 3,Książenice,Marylskiego 3,al e
3951,SZKOŁA PODSTAWOWA NR 1 IM. JÓZEFA PIŁSUDSKIEGO W PIASECZNIE,2026,Piaseczno,ul. Świętojańska 18,Piaseczno,Świętojańska 18,ul
4048,SZKOŁA PODSTAWOWA NR 1 IM. HENRYKA SIENKIEWICZA,2026,Grodzisk Mazowiecki,ul. W. Bartniaka 13A,Grodzisk Mazowiecki,Bartniaka 13A,ul w
4120,PUBLICZNA SZKOŁA PODSTAWOWA,2026,Parysów,ul. Książęca 11,Parysów,Książęca 11,ul
4470,SZKOŁA PODSTAWOWA NR 6 IM. SZARYCH SZEREGÓW,2026,Grodzisk Mazowiecki,ul. Sportowa 31,Grodzisk Mazowiecki,Sportowa 31,ul
4661,SZKOŁA PODSTAWOWA IM. WŁADYSŁAWA BRONIEWSKIEGO,2026,Bielsk,ul. Sierpecka 42,Bielsk,Sierpecka 42,ul
4698,SZKOŁA PODSTAWOWA IM. ŻOŁNIERZY ARMII KRAJOWEJ - BOHATERÓW LASÓW CHOJNOWSKICH W UWIELINACH,2026,Uwieliny,ul. Szkolna 2A,Uwieliny,Szkolna 2A,ul
4699,SZKOŁA PODSTAWOWA,2026,Prażmów,ul. Franciszka Ryxa 72,Prażmów,Ryxa 72,ul franciszka
4818,PUBLICZNA SZKOŁA PODSTAWOWA IM. ST. ŻEROMSKIEGO,2026,Wierzbica,ul. Żeromskiego 62,Wierzbica,Żeromskiego 62,ul
5120,SZKOŁA PODSTAWOWA NR 352 W WARSZAWIE IM. JERZEGO HUBERTA WAGNERA,2026,Warszawa,ul. Josepha Conrada 6,Warszawa,Conrada 6,ul josepha
5908,AKADEMIA PRYMUSA NIEPUBLICZNA SZKOŁA PODSTAWOWA NR 1 IM. LEONARDA DA VINCI W SOCHACZEWIE,2026,Sochaczew,ul. Stadionowa 4,Sochaczew,Stadionowa 4,ul
5947,SZKOŁA PODSTAWOWA IM.PAPIEŻA JANA PAWŁA II W BLOCHACH,2026,Blochy,ul. Spacerowa 8,Blochy,Spacerowa 8,ul
6004,SZKOŁA PODSTAWOWA IM.TADEUSZA KOŚCIUSZKI W DŁUGOSIODLE,2026,Długosiodło,ul. Tadeusza Kościuszki 5,Długosiodło,Kościuszki 5,ul tadeusza
6010,SZKOŁA PODSTAWOWA IM.KS.JANA TWARDOWSKIEGO W STARYM BOSEWIE,2026,Stare Bosewo,ul. Rozwojowa 19,Stare Bosewo,Rozwojowa 19,ul
6164,SZKOŁA PODSTAWOWA NR 2 IM. M. KONOPNICKIEJ,2026,Grodzisk Mazowiecki,ul. W. Westfala 3,Grodzisk Mazowiecki,Westfala 3,ul w
6360,SZKOŁA PODSTAWOWA IM. PLK LEOPOLDA LISA-KULI W PRUSZYNIE,2026,Pruszyn,ul. Dolina Liwca 46,Pruszyn,Dolina Liwca 46,ul
6489,SZKOŁA PODSTAWOWA NR 300 IM. WANDY RUTKIEWICZ,2026,Warszawa,ul. Gubinowska 28/30,Warszawa,Gubinowska 28/30,ul
6539,SZKOŁA PODSTAWOWA IM. MARII KONOPNICKIEJ W GOLICACH,2026,Golice,ul. Szkolna 2,Golice,Szkolna 2,ul
6583,ZESPÓŁ OŚWIATOWY W NOWYCH IGANIACH SZKOŁA PODSTAWOWA IM. GEN. IGNACEGO PRĄDZYŃSKIEGO,2026,Nowe Iganie,ul. Siedlecka 113,Nowe Iganie,Siedlecka 113,ul
6599,SZKOŁA PODSTAWOWA IM.JÓZEFA CHEŁMOŃSKIEGO,2026,Suchostruga,ul. Szkolna 20,Suchostruga,Szkolna 20,ul
6711,ZESPÓŁ SZKÓŁ W PRZESMYKACH SZKOŁA PODSTAWOWA W PRZESMYKACH,2026,Przesmyki,ul. Narutowicza 18,Przesmyki,Narutowicza 18,ul
7056,SZKOŁA PODSTAWOWA NR 169 IM. ORŁA BIAŁEGO,2026,Warszawa,ul. Uprawna 9/17,Warszawa,Uprawna 9/17,ul
7167,SZKOŁA PODSTAWOWA NR 2 W KARCZEWIE,2026,Karczew,ul. Otwocka 13,Karczew,Otwocka 13,ul
7317,SZKOŁA PODSTAWOWA IM. KORNELA MAKUSZYŃSKIEGO W KOZŁOWIE BISKUPIM,2026,Kozłów Biskupi,ul. Olimpijska 1,Kozłów Biskupi,Olimpijska 1,ul
7372,SZKOŁA PODSTAWOWA IM. FRYDERYKA CHOPINA W SANNIKACH,2026,Sanniki,ul. Warszawska 183,Sanniki,Warszawska 183,ul
7432,SZKOŁA PODSTAWOWA NR 1 IM. MARII CURIE - SKŁODOWSKIEJ W MAŁKINI GÓRNEJ,2026,Małkinia Górna,ul. Ostrowska 58,Małkinia Górna,Ostrowska 58,ul
7603,SZKOŁA PODSTAWOWA IM. KAWALERÓW ORDERU UŚMIECHU W JÓZEFINIE,2026,Józefina,ul. Mazowiecka 1,Józefina,Mazowiecka 1,ul
8524,SZKOŁA PODSTAWOWA IM. JÓZEFA WYBICKIEGO W JANÓWKU,2026,Janówek Pierwszy,ul. Dworcowa 5,Janówek Pierwszy,Dworcowa 5,ul
8813,SZKOŁA PODSTAWOWA IM. ŚW. JANA PAWŁA II W SOMIANCE,2026,Somianka,ul. Szkolna 6,Somianka,Szkolna 6,ul
8847,SZKOŁA PODSTAWOWA W RACZYNACH,2026,Raczyny,ul. Kopernika 5,Raczyny,Kopernika 5,ul
8848,SZKOŁA PODSTAWOWA W BĘDZYMINIE,2026,Będzymin,ul. Główna 36,Będzymin,Główna 36,ul
8850,SZKOŁA PODSTAWOWA W CHAMSKU,2026,Chamsk,ul. Szkolna 19,Chamsk,Szkolna 19,ul
9677,ZESPÓŁ OŚWIATOWY W ŻELKOWIE-KOLONII SZKOŁA PODSTAWOWA IM. ADAMA MICKIEWICZA,2026,Żelków-Kolonia,ul. Siedlecka 202,Żelków-Kolonia,Siedlecka 202,ul
9690,SZKOŁA PODSTAWOWA NR 1 IM. STANISŁAWA STASZICA,2026,Piastów,ul. Józefa Brandta 22,Piastów,Brandta 22,ul józefa
9717,PUBLICZNA SZKOŁA PODSTAWOWA W CEGŁOWIE IM. BOHATERSKICH HARCERZY CEGŁOWA,2026,Cegłów,ul. Poprzeczna 27,Cegłów,Poprzeczna 27,ul
10000,PUBLICZNA SZKOŁA PODSTAWOWA IM. LEONA WYCZÓŁKOWSKIEGO W MIASTKOWIE KOŚCIELNYM,2026,Miastków Kościelny,ul. Szkolna 8,Miastków Kościelny,Szkolna 8,ul
10046,ZESPÓŁ OŚWIATOWO-WYCHOWAWCZY W STRZALE SZKOŁA PODSTAWOWA IM. IRENY KOSMOWSKIEJ,2026,Chodów,ul. Sokołowska 1,Chodów,Sokołowska 1,ul
11287,"SZKOŁA PODSTAWOWA NR 1 IM. BAONU ""NADBUŻAŃSKIEGO"" AK W ŁOCHOWIE",2026,Łochów,ul. Stefana Żeromskiego 3,Łochów,Żeromskiego 3,ul stefana
11290,SZKOŁA PODSTAWOWA NR 5 IM. JANUSZA KUSOCIŃSKIEGO,2026,Nowy Dwór Mazowiecki,ul. Chemików 1A,Nowy Dwór Mazowiecki,Chemików 1A,ul
11523,ZESPÓŁ OŚWIATOWO-WYCHOWAWCZY W BIAŁKACH SZKOŁA PODSTAWOWA IM.ŻOŁNIERZY II ARMII WOJSKA POLSKIEG,2026,Białki,ul. Diamentowa 1,Białki,Diamentowa 1,ul
11677,SZKOŁA PODSTAWOWA W KĄTACH,2026,Kąty,ul. Królewska 58,Kąty,Królewska 58,ul
11678,SZKOŁA PODSTAWOWA IM. KAWALERÓW ORDERU UŚMIECHU W RUDZIENKU,2026,Rudzienko,ul. Szkolna 11,Rudzienko,Szkolna 11,ul
11916,SZKOŁA PODSTAWOWA IM. HENRYKA SIENKIEWICZA W KAMIONNIE,2026,Kamionna,ul. Szkolna 18,Kamionna,Szkolna 18,ul
11917,SPOŁECZNA SZKOŁA PODSTAWOWA NR 23 IM. GEN. BRYG. LEOPOLDA OKULICKIEGO,2026,Grodzisk Mazowiecki,ul. 3 Maja 33,Grodzisk Mazowiecki,Maja 33,ul 3
13052,SZKOŁA PODSTAWOWA NR 1 IM. ARMII KRAJOWEJ,2026,Gostynin,ul. Józefa Ozdowskiego 2,Gostynin,Ozdowskiego 2,ul józefa
13392,SZKOŁA PODSTAWOWA IM. ALEKSANDRA KAMIŃSKIEGO W GUZOWIE,2026,Guzów,ul. Rodu Łubieńskich 2,Guzów,Rodu Łubieńskich 2,ul
13397,SZKOŁA PODSTAWOWA NR 7 IM. FRYDERYKA CHOPINA,2026,Sochaczew,ul. Fryderyka Chopina 99,Sochaczew,Chopina 99,ul fryderyka
13456,SZKOŁA PODSTAWOWA IM. ŚWIĘTEGO JANA PAWŁA II WE FRANCISZKOWIE,2026,Franciszków,ul. Dębowa 25,Franciszków,Dębowa 25,ul
13697,"NIEPUBLICZNA SZKOŁA PODSTAWOWA ""MOJA SZKOŁA"" IM. WANDY CHOTOMSKIEJ",2026,Łomianki,ul. Równa 26,Łomianki,Równa 26,ul
14909,PUBLICZNA SZKOŁA PODSTAWOWA NR 3 Z ODDZIALAMI INTEGRACYJNYMI IM. TADEUSZA KOŚCIUSZKI W PUŁTUSKU,2026,Pułtusk,ul. Aleja Tysiąclecia 14,Pułtusk,Aleja Tysiąclecia 14,ul
15188,SZKOŁA PODSTAWOWA NR 2 IM. DĄBRÓWKI,2026,Mińsk Mazowiecki,ul. Dąbrówki 10,Mińsk Mazowiecki,Dąbrówki 10,ul
15216,SZKOŁA PODSTAWOWA W OTWOCKU WIELKIM,2026,Otwock Wielki,ul. Zamkowa 4,Otwock Wielki,Zamkowa 4,ul
15223,SZKOŁA PODSTAWOWA NR 3 IM. M.J. PIŁSUDSKIEGO W WOŁOMINIE,2026,Wołomin,ul. Piłsudskiego 51,Wołomin,Piłsudskiego 51,ul
15224,SZKOŁA PODSTAWOWA NR 7 Z ODDZIAŁAMI INTEGRACYJNYMI IM. KRÓLOWEJ JADWIGI W WOŁOMINIE,2026,Wołomin,ul. Poprzeczna 6,Wołomin,Poprzeczna 6,ul
15225,SZKOŁA PODSTAWOWA W LEŚNIAKOWIŹNIE,2026,Leśniakowizna,ul. Kasprzykiewicza 153,Leśniakowizna,Kasprzykiewicza 153,ul
15226,SZKOŁA PODSTAWOWA IM. FRYDERYKA CHOPINA W STARYCH GRABIACH,2026,Stare Grabie,ul. Cichorackiej 8,Stare Grabie,Cichorackiej 8,ul
15227,SZKOŁA PODSTAWOWA IM. IGNACEGO JANA PADEREWSKIEGO W ZAGOŚCIŃCU,2026,Zagościniec,ul. Szkolna 1,Zagościniec,Szkolna 1,ul
15255,SZKOŁA PODSTAWOWA NR 6 Z ODDZIAŁAMI INTEGRACYJNYMI IM. KORNELA MAKUSZYŃSKIEGO W MŁAWIE,2026,Mława,ul. Żołnierzy 80 Pułku Piechoty 5,Mława,Żołnierzy 80 Pułku Piechoty 5,ul
15297,SZKOŁA PODSTAWOWA Z ODDZIAŁAMI INTEGRACYJNYMI NR 82 IM. JANA PAWŁA II,2026,Warszawa,ul. Stanisława Konarskiego 20,Warszawa,Konarskiego 20,ul stanisława
15341,SZKOŁA PODSTAWOWA NR 4 IM. POWSTAŃCÓW STYCZNIOWYCH,2026,Mińsk Mazowiecki,ul. Siennicka 17,Mińsk Mazowiecki,Siennicka 17,ul
15410,PUBLICZNA SZKOŁA PODSTAWOWA NR 1 W GRÓJCU,2026,Grójec,ul. Józefa Piłsudskiego 68,Grójec,Piłsudskiego 68,ul józefa
15412,PUBLICZNA SZKOŁA PODSTAWOWA NR 2 IM. JÓZEFA WYBICKIEGO W GRÓJCU,2026,Grójec,ul. Polna 17a,Grójec,Polna 17a,ul
15466,SZKOŁA PODSTAWOWA NR 5 IM. JÓZEFA WYBICKIEGO,2026,Mińsk Mazowiecki,ul. Małopolska 11,Mińsk Mazowiecki,Małopolska 11,ul
15765,SZKOŁA PODSTAWOWA NR 6 IM. HENRYKA SIENKIEWICZA,2026,Mińsk Mazowiecki,ul. gen. Kazimierza Sosnkowskiego 1,Mińsk Mazowiecki,Sosnkowskiego 1,ul gen kazimierza
15808,SZKOŁA PODSTAWOWA Z ODDZIAŁAMI INTEGRACYJNYMI NR 341 IM. TWÓRCÓW LITERATURY DZIECIĘCEJ,2026,Warszawa,ul. Oławska 3,Warszawa,Oławska 3,ul
15810,PUBLICZNA SZKOŁA PODSTAWOWA,2026,Mokobody,ul. Wiatraczna 14,Mokobody,Wiatraczna 14,ul
16233,SZKOŁA PODSTAWOWA NR 306 IM. KS. JANA TWARDOWSKIEGO,2026,Warszawa,ul. Tkaczy 27,Warszawa,Tkaczy 27,ul
16265,ZESPÓŁ OŚWIATOWY IM. JANA PAWŁA II W STOKU LACKIM SZKOŁA PODSTAWOWA,2026,Stok Lacki,ul. Siedlecka 135,Stok Lacki,Siedlecka 135,ul
16656,PUBLICZNA SZKOŁA PODSTAWOWA IM. JULIANA SUSKIEGO W JASIEŃCU,2026,Jasieniec,ul. Szkolna 7,Jasieniec,Szkolna 7,ul
16880,SZKOŁA PODSTAWOWA NR 10 IM. GRZEGORZA PIRAMOWICZA,2026,Warszawa,ul. Jasielska 49/53,Warszawa,Jasielska 49/53,ul
16899,SZKOŁA PODSTAWOWA NR 316 IM. ASTRID LINDGREN,2026,Warszawa,ul. Stanisława Szobera 1/3,Warszawa,Szobera 1/3,ul stanisława
16905,SZKOŁA PODSTAWOWA NR 321,2026,Warszawa,ul. ppłk. Wacława Szadkowskiego 3,Warszawa,Szadkowskiego 3,ul ppłk wacława
17566,SZKOŁA PODSTAWOWA W BORKOWICACH IM. JANUSZA ŁĄCKIEGO,2026,Borkowice,ul. ks. Jana Wiśniewskiego 8,Borkowice,Wiśniewskiego 8,ul ks jana
17798,SZKOŁA PODSTAWOWA IM. POWSTAŃCÓW STYCZNIOWYCH,2026,Osieck,ul. Warszawska 61,Osieck,Warszawska 61,ul
17811,PUBLICZNA SZKOŁA PODSTAWOWA IM. JANUSZA KORCZAKA W GOŹDZIE,2026,Gózd,ul. Starowiejska 130,Gózd,Starowiejska 130,ul
17813,PUBLICZNA SZKOŁA PODSTAWOWA IM. JANA KOCHANOWSKIEGO W MAŁĘCZYNIE,2026,Małęczyn,ul. Szkolna 64,Małęczyn,Szkolna 64,ul
17902,SZKOŁA PODSTAWOWA NR 23 IM. EDWARDA SZYMAŃSKIEGO,2026,Warszawa,ul. Mikołaja Reja 1,Warszawa,Reja 1,ul mikołaja
18090,SZKOŁA PODSTAWOWA NR 1 IM. HUGONA KOŁŁĄTAJA W MŁAWIE,2026,Mława,ul. Warszawska 52,Mława,Warszawska 52,ul
18227,SZKOŁA PODSTAWOWA NR 4 IM. HALINY RUDNICKIEJ W MŁAWIE,2026,Mława,ul. Graniczna 39,Mława,Graniczna 39,ul
18262,SZKOŁA PODSTAWOWA W ROZBITYM KAMIENIU,2026,Rozbity Kamień,ul. Wiktora Szajkowskiego 7,Rozbity Kamień,Szajkowskiego 7,ul wiktora
18397,SZKOŁA PODSTAWOWA NR 7 IM. ZUZANNY MORAWSKIEJ W MŁAWIE,2026,Mława,ul. Ordona 14,Mława,Ordona 14,ul
18796,PUBLICZNA SZKOŁA PODSTAWOWA IM.MARII KONOPNICKIEJ W STARYM LUBIEJEWIE,2026,Stare Lubiejewo,ul. Szkolna 15,Stare Lubiejewo,Szkolna 15,ul
18985,SZKOŁA PODSTAWOWA NR 1 IM. ADAMA MICKIEWICZA W WYSZKOWIE,2026,Wyszków,ul. 11 Listopada 62,Wyszków,Listopada 62,ul 11
19491,SZKOŁA PODSTAWOWA Z ODDZIAŁAMI INTEGRACYJNYMI NR 354 IM. ADAMA ASNYKA,2026,Warszawa,ul. Otwocka 3,Warszawa,Otwocka 3,ul
19623,SZKOŁA PODSTAWOWA NR 2 IM. IGNACEGO ŁUKASIEWICZA W WOŁOMINIE,2026,Wołomin,ul. Aleja Armii Krajowej 81,Wołomin,Aleja Armii Krajowej 81,ul
19627,SZKOŁA PODSTAWOWA NR 4 Z ODDZIAŁAMI INTEGRACYJNYMI IM. MARYNARKI WOJENNEJ RP W WOŁOMINIE,2026,Wołomin,ul. 1 Maja 19,Wołomin,Maja 19,ul 1
19631,SZKOŁA PODSTAWOWA IM. JANA PAWŁA II W DUCZKACH,2026,Duczki,ul. Szosa Jadowska 37,Duczki,Szosa Jadowska 37,ul
19633,SZKOŁA PODSTAWOWA IM. GEN. JANA HENRYKA DĄBROWSKIEGO W CZARNEJ,2026,Czarna,ul. Witosa 52,Czarna,Witosa 52,ul
19635,SZKOŁA PODSTAWOWA IM. KS. IGNACEGO SKORUPKI W OSSOWIE,2026,Ossów,ul. Matarewicza 148,Ossów,Matarewicza 148,ul
19870,SZKOŁA PODSTAWOWA NR 16 IM. TONY HALIKA,2026,Warszawa,ul. Wilczy Dół 4,Warszawa,Wilczy Dół 4,ul
20070,KATOLICKA SZKOŁA PODSTAWOWA IM. KS. MACIEJA KAZIMIERZA SARBIEWSKIEGO SI W MŁAWIE,2026,Mława,ul. Zygmunta Krasińskiego 5,Mława,Krasińskiego 5,ul zygmunta
20094,SZKOŁA PODSTAWOWA IM. ORŁA BIAŁEGO W AUGUSTÓWCE,2026,Augustówka,ul. Kolejowa 2,Augustówka,Kolejowa 2,ul
20117,SZKOŁA PODSTAWOWA IM. MJR. HENRYKA SUCHARSKIEGO W SOCHOCINIE,2026,Sochocin,ul. Szkolna 17,Sochocin,Szkolna 17,ul
20352,SZKOŁA PODSTAWOWA W MŁOCHOWIE,2026,Młochów,ul. Mazowiecka 46,Młochów,Mazowiecka 46,ul
20393,SZKOŁA PODSTAWOWA IM. ŚW. STANISŁAWA KOSTKI W KOSTOWCU,2026,Kostowiec,ul. Matki Florentyny Dymman 5,Kostowiec,Dymman 5,ul matki florentyny
20408,SZKOŁA PODSTAWOWA IM. MARII SKŁODOWSKIEJ-CURIE W RUŚCU,2026,Rusiec,ul. Osiedlowa 72,Rusiec,Osiedlowa 72,ul
20480,SZKOŁA PODSTAWOWA IM. PŁKA STANISŁAWA KRÓLICKIEGO W IZABELINIE,2026,Hornówek,ul. 3 Maja 49,Hornówek,Maja 49,ul 3
20562,SZKOŁA PODSTAWOWA IM.MIKOŁAJA KOPERNIKA W SEROCKU,2026,Serock,ul. Pułtuska 68,Serock,Pułtuska 68,ul
20653,SZKOŁA PODSTAWOWA NR 60 IM. POWSTANIA LISTOPADOWEGO,2026,Warszawa,ul. Zbaraska 3,Warszawa,Zbaraska 3,ul
20767,SZKOŁA PODSTAWOWA NR 65 IM. WŁADYSŁAWA ORKANA,2026,Warszawa,ul. Mścisławska 1,Warszawa,Mścisławska 1,ul
20768,SZKOŁA PODSTAWOWA Z ODDZIAŁAMI INTEGRACYJNYMI NR 68 IM. ARTURA OPPMANA,2026,Warszawa,ul. Or-Ota 5,Warszawa,Or-Ota 5,ul
20769,SZKOŁA PODSTAWOWA NR 92 IM. JANA BRZECHWY,2026,Warszawa,ul. Przasnyska 18A,Warszawa,Przasnyska 18A,ul
20770,SZKOŁA PODSTAWOWA NR 267 IM. JULIUSZA SŁOWACKIEGO,2026,Warszawa,ul. Braci Załuskich 1,Warszawa,Załuskich 1,ul braci
20772,SZKOŁA PODSTAWOWA NR 72 IM. PRZYJACIÓŁ GROCHOWA,2026,Warszawa,ul. Ludwika Michała Paca 44,Warszawa,Paca 44,ul ludwika michała
20793,SZKOŁA PODSTAWOWA NR 1 IM. MARII KOWNACKIEJ W ŁOMIANKACH,2026,Łomianki,ul. Warszawska 73,Łomianki,Warszawska 73,ul
20888,"SZKOŁA PODSTAWOWA NR 120 Z ODDZIAŁAMI INTEGRACYJNYMI IM. PUŁKÓW PIECHOTY ""DZIECI WARSZAWY""",2026,Warszawa,ul. Międzyborska 64/70,Warszawa,Międzyborska 64/70,ul
20938,PUBLICZNA SZKOŁA PODSTAWOWA IM.KORNELA MAKUSZYŃSKIEGO W UGNIEWIE,2026,Ugniewo,ul. Szkolna 28,Ugniewo,Szkolna 28,ul
21044,SZKOŁA PODSTAWOWA NR 141 IM. MJR HENRYKA SUCHARSKIEGO,2026,Warszawa,ul. Szaserów 117,Warszawa,Szaserów 117,ul
21170,SZKOŁA PODSTAWOWA IM. POR. ADOLFA PILCHA PS. GÓRA-DOLINA W DZIEKANOWIE POLSKIM,2026,Dziekanów Polski,ul. Rolnicza 435,Dziekanów Polski,Rolnicza 435,ul
21172,SZKOŁA PODSTAWOWA IM. MARII KONOPNICKIEJ W DZIEKANOWIE LEŚNYM,2026,Dziekanów Leśny,ul. por. Francisa Akinsa 6,Dziekanów Leśny,Akinsa 6,ul por francisa
21235,SZKOŁA PODSTAWOWA Z ODDZIAŁAMI INTEGRACYJNYMI NR 30 IM. POWSTAŃCÓW 1863 R. W WARSZAWIE,2026,Warszawa,ul. Kawęczyńska 2,Warszawa,Kawęczyńska 2,ul
21243,SZKOŁA PODSTAWOWA IM. ANDRZEJA MAŁKOWSKIEGO W SZCZAWINIE KOŚCIELNYM,2026,Szczawin Kościelny,ul. Jana Pawła II 1,Szczawin Kościelny,Jana Pawła II 1,ul
21253,SZKOŁA PODSTAWOWA Z ODDZIAŁAMI INTEGRACYJNYMI NR 73 IM. KRÓLA STEFANA BATOREGO W WARSZAWIE,2026,Warszawa,ul. Białostocka 10/18,Warszawa,Białostocka 10/18,ul
21304,"SZKOŁA PODSTAWOWA NR 163 IM. BATALIONU ""ZOŚKA""",2026,Warszawa,ul. Osiecka 28/32,Warszawa,Osiecka 28/32,ul
21340,SZKOŁA PODSTAWOWA NR 185 IM. UNICEF,2026,Warszawa,ul. gen. Tadeusza Bora-Komorowskiego 31,Warszawa,Bora-Komorowskiego 31,ul gen tadeusza
21344,SZKOŁA PODSTAWOWA NR 127 IM. HENRYKA SIENKIEWICZA W WARSZAWIE,2026,Warszawa,ul. Kowieńska 12/20,Warszawa,Kowieńska 12/20,ul
21371,PUBLICZNA SZKOŁA PODSTAWOWA IM. JANA PAWŁA II W WOLANOWIE,2026,Wolanów,ul. Kolejowa 29,Wolanów,Kolejowa 29,ul
21796,SZKOŁA PODSTAWOWA NR 2 IM. WŁADYSŁAWA BRONIEWSKIEGO W WYSZKOWIE,2026,Wyszków,ul. Jana Matejki 5,Wyszków,Matejki 5,ul jana
21950,SZKOŁA PODSTAWOWA IM. JANA BRZECHWY W LUCYNOWIE,2026,Lucynów,ul. Szkolna 12,Lucynów,Szkolna 12,ul
22084,SZKOŁA PODSTAWOWA NR 312 IM. EWY SZELBURG-ZAREMBINY,2026,Warszawa,ul. Władysława Umińskiego 12,Warszawa,Umińskiego 12,ul władysława
22197,SZKOŁA PODSTAWOWA NR 96 IM. IRENY KOSMOWSKIEJ,2026,Warszawa,ul. Sarabandy 16/22,Warszawa,Sarabandy 16/22,ul
22206,SZKOŁA PODSTAWOWA NR 100 IM. PŁK. FRANCESCO NULLO,2026,Warszawa,ul. Taneczna 54/58,Warszawa,Taneczna 54/58,ul
22214,SZKOŁA PODSTAWOWA NR 303 IM. FRYDERYKA CHOPINA,2026,Warszawa,ul. Koncertowa 8,Warszawa,Koncertowa 8,ul
22511,SZKOŁA PODSTAWOWA NR 12 IM. MIRY ZIMIŃSKIEJ SYGIETYŃSKIEJ W PŁOCKU,2026,Płock,ul. Brzozowa 3,Płock,Brzozowa 3,ul
22683,PUBLICZNA SZKOŁA PODSTAWOWA,2026,Niwiski,ul. Rynek 21,Niwiski,Rynek 21,ul
22771,SZKOŁA PODSTAWOWA Z ODDZIAŁAMI INTEGRACYJNYMI NR 22 IM. JANUSZA KORCZAKA W PŁOCKU,2026,Płock,ul. Czwartaków 6,Płock,Czwartaków 6,ul
23047,SZKOŁA PODSTAWOWA NR 310 IM. MICHAŁA BYLINY,2026,Warszawa,ul. Hawajska 7,Warszawa,Hawajska 7,ul
23079,SZKOŁA PODSTAWOWA NR 313 IM. POLSKICH ODKRYWCÓW,2026,Warszawa,ul. Jana Cybisa 1,Warszawa,Cybisa 1,ul jana
23178,SZKOŁA PODSTAWOWA Z ODDZIAŁAMI INTEGRACYJNYMI NR 61 IM. JULIANA PRZYBOSIA W WARSZAWIE,2026,Warszawa,ul. Białobrzeska 27,Warszawa,Białobrzeska 27,ul
23192,SZKOŁA PODSTAWOWA NR 97 IM POLSKICH NOBLISTEK W WARSZAWIE,2026,Warszawa,ul. Spiska 1,Warszawa,Spiska 1,ul
23311,SZKOŁA PODSTAWOWA NR 264 IM. GABRIELI MISTRAL W WARSZAWIE,2026,Warszawa,ul. Walentego Skorochód-Majewskiego 17,Warszawa,Skorochód-Majewskiego 17,ul walentego
23346,SZKOŁA PODSTAWOWA Z ODDZIAŁAMI INTEGRACYJNYMI NR 280 IM. TYTUSA CHAŁUBIŃSKIEGO W WARSZAWIE,2026,Warszawa,ul. Gorlicka 3,Warszawa,Gorlicka 3,ul
23395,SZKOŁA PODSTAWOWA NR 319 IM. MARII KANN,2026,Warszawa,ul. Związku Walki Młodych 10,Warszawa,Związku Walki Młodych 10,ul
23401,SZKOŁA PODSTAWOWA NR 322 IM. JANA BRZECHWY,2026,Warszawa,ul. Edwarda Dembowskiego 9,Warszawa,Dembowskiego 9,ul edwarda
23448,SZKOŁA PODSTAWOWA NR 323 IM. POLSKICH OLIMPIJCZYKÓW,2026,Warszawa,ul. Ludwika Hirszfelda 11,Warszawa,Hirszfelda 11,ul ludwika
23503,SZKOŁA PODSTAWOWA NR 77 IM. WANDY CHOTOMSKIEJ,2026,Warszawa,ul. Samogłoska 9,Warszawa,Samogłoska 9,ul
23504,SZKOŁA PODSTAWOWA NR 133 IM. STEFANA CZARNIECKIEGO,2026,Warszawa,ul. Antoniego Fontany 3,Warszawa,Fontany 3,ul antoniego
23505,SZKOŁA PODSTAWOWA NR 187 IM. ADAMA MICKIEWICZA,2026,Warszawa,ul. Leopolda Staffa 21,Warszawa,Staffa 21,ul leopolda
23508,"SZKOŁA PODSTAWOWA Z ODDZIAŁAMI INTEGRACYJNYMI NR 247 IM. KAZIMIERZA LISIECKIEGO ""DZIADKA""",2026,Warszawa,ul. Wrzeciono 9,Warszawa,Wrzeciono 9,ul
23514,SZKOŁA PODSTAWOWA INTEGRACYJNA NR 135 IM. MARII KOWNACKIEJ,2026,Warszawa,ul. Grzegorza Przemyka 5,Warszawa,Przemyka 5,ul grzegorza
23529,"SZKOŁA PODSTAWOWA NR 336 IM. JANKA BYTNARA ""RUDEGO""",2026,Warszawa,ul. Witolda Małcużyńskiego 4,Warszawa,Małcużyńskiego 4,ul witolda
23641,SZKOŁA PODSTAWOWA NR 1 IM. STEFANA ŻEROMSKIEGO W ŻUROMINIE,2026,Żuromin,ul. Wyzwolenia 12,Żuromin,Wyzwolenia 12,ul
23729,SZKOŁA PODSTAWOWA Z ODDZIAŁAMI INTEGRACYJNYMI NR 343 IM. MATKI TERESY Z KALKUTY,2026,Warszawa,ul. Stefana Kopcińskiego 7,Warszawa,Kopcińskiego 7,ul stefana
23746,SZKOŁA PODSTAWOWA NR 168 IM. CZESŁAWA NIEMENA,2026,Warszawa,ul. Zwycięzców 44,Warszawa,Zwycięzców 44,ul
23778,SZKOŁA PODSTAWOWA IM. KARDYNAŁA STEFANA WYSZYŃSKIEGO W KADZIDLE,2026,Kadzidło,ul. Kościuszki 13,Kadzidło,Kościuszki 13,ul
23880,SZKOŁA PODSTAWOWA NR 255 IM. CYPRIANA KAMILA NORWIDA,2026,Warszawa,ul. Kamionkowska 36/44,Warszawa,Kamionkowska 36/44,ul
23899,SZKOŁA PODSTAWOWA IM. MARSZAŁKA JÓZEFA PIŁSUDSKIEGO W IŁOWIE,2026,Iłów,ul. Płocka 14,Iłów,Płocka 14,ul
24328,SZKOŁA PODSTAWOWA NR 15 IM. ŚW. FRANCISZKA Z ASYŻU W PŁOCKU,2026,Płock,ul. Przyszkolna 22,Płock,Przyszkolna 22,ul
24643,PUBLICZNA SZKOŁA PODSTAWOWA NR 2 IM. I MARSZAŁKA POLSKI JÓZEFA PIŁSUDSKIEGO,2026,Mogielnica,ul. Przylesie 10a,Mogielnica,Przylesie 10a,ul
24649,SZKOŁA PODSTAWOWA NR 2 IM. MARII SKŁODOWSKIEJ-CURIE,2026,Piastów,ul. Aleja Krakowska 20,Piastów,Aleja Krakowska 20,ul
24685,"SZKOŁA PODSTAWOWA NR 279 IM. BATALIONÓW AK ""GUSTAW"" I ""HARNAŚ""",2026,Warszawa,ul. Cyrklowa 1,Warszawa,Cyrklowa 1,ul
24714,I PRYWATNA SZKOŁA PODSTAWOWA,2026,Sierpc,ul. Dworcowa 5b,Sierpc,Dworcowa 5b,ul
24722,SZKOŁA PODSTAWOWA NR 2 IM.ARMII KRAJOWEJ W SIERPCU,2026,Sierpc,ul. Płocka 38a,Sierpc,Płocka 38a,ul
25025,KATOLICKA SZKOŁA PODSTAWOWA NR 7 IM. KS. KARD. STEFANA WYSZYŃSKIEGO,2026,Warszawa,ul. Ogrodowa 3a,Warszawa,Ogrodowa 3a,ul
25028,SPOŁECZNA SZKOŁA PODSTAWOWA NR 10 IM.KARDYNAŁA STEFANA WYSZYŃSKIEGO SPOŁECZNEGO TOWARZYSTWA OŚWIATOWEGO,2026,Warszawa,ul. Ostrobramska 72,Warszawa,Ostrobramska 72,ul
25031,PRYWATNA SZKOŁA PODSTAWOWA NR 6 SIÓSTR NIEPOKALANEK IM. BŁ. M. MARCELINY DAROWSKIEJ,2026,Warszawa,ul. Jerzego Zaruby 2,Warszawa,Zaruby 2,ul jerzego
25035,SZKOŁA PODSTAWOWA NR 24 SPOŁECZNEGO TOWARZYSTWA OŚWIATOWEGO,2026,Warszawa,ul. Muszlowa 15,Warszawa,Muszlowa 15,ul
25167,SZKOŁA PODSTAWOWA NR 3 IM.KS. JANA TWARDOWSKIEGO W SIERPCU,2026,Sierpc,ul. Konstytucji 3 Maja 8,Sierpc,Konstytucji 3 Maja 8,ul
25238,SZKOŁA PODSTAWOWA NR 152 IM. MARII DĄBROWSKIEJ W WARSZAWIE,2026,Warszawa,ul. Powstańców Wielkopolskich 4,Warszawa,Powstańców Wielkopolskich 4,ul
25301,SZKOŁA PODSTAWOWA NR 2 IM.ŚW.TERESY OD DZIECIĄTKA JEZUS,2026,Podkowa Leśna,ul. Kościelna 4,Podkowa Leśna,Kościelna 4,ul
25431,SZKOŁA PODSTAWOWA IM WALERIANA ŁUKASIŃSKIEGO W MORDACH,2026,Mordy,ul. Kilińskiego 13,Mordy,Kilińskiego 13,ul
26018,SZKOŁA PODSTAWOWA NR 2 W ŻUROMINIE IM. KORNELA MAKUSZYŃSKIEGO,2026,Żuromin,ul. Wiatraczna 16,Żuromin,Wiatraczna 16,ul
26496,SZKOŁA PODSTAWOWA NR 293 IM. JANA KOCHANOWSKIEGO,2026,Warszawa,ul. Jana Kochanowskiego 8,Warszawa,Kochanowskiego 8,ul jana
26777,PUBLICZNA SZKOŁA PODSTAWOWA NR 4 Z KLASAMI SPORTOWYMI IM. IRENY SZEWIŃSKIEJ W PUŁTUSKU,2026,Pułtusk,ul. New Britain 1,Pułtusk,New Britain 1,ul
26789,SZKOŁA PODSTAWOWA NR 86 IM. BRONISŁAWA CZECHA,2026,Warszawa,ul. Koryncka 33,Warszawa,Koryncka 33,ul
26884,SZKOŁA PODSTAWOWA IM. TEOFILA LENARTOWICZA W REGIMINIE,2026,Regimin,ul. Heleny Dobrzynieckiej 1,Regimin,Dobrzynieckiej 1,ul heleny
26885,SZKOŁA PODSTAWOWA IM. JANA PAWŁA II W BIENIEWICACH,2026,Bieniewice,ul. Błońska 62,Bieniewice,Błońska 62,ul
27043,SZKOŁA PODSTAWOWA IM. JANA PAWŁA II W LESZCZYDOLE-NOWINACH,2026,Leszczydół-Nowiny,ul. Szkolna 26,Leszczydół-Nowiny,Szkolna 26,ul
27059,"SZKOŁA PODSTAWOWA NR 3 IM. STANISŁAWA WRÓBLA ""JASKÓŁKI"" W WYSZKOWIE",2026,Wyszków,ul. Stefana Batorego 6,Wyszków,Stefana Batorego 6,ul
27290,SZKOŁA PODSTAWOWA IM. 18 DYWIZJI PIECHOTY ZIEMI ŁOMŻYŃSKIEJ W ANDRZEJEWIE,2026,Andrzejewo,ul. Warszawska 4,Andrzejewo,Warszawska 4,ul
27413,SZKOŁA PODSTAWOWA IM. JANA PAWŁA II W MOCHOWIE,2026,Mochowo-Parcele,ul. Szkolna 1,Mochowo-Parcele,Szkolna 1,ul
27549,PUBLICZNA SZKOŁA PODSTAWOWA IM KARDYNAŁA STEFANA WYSZYŃSKIEGO W GŁOSKOWIE,2026,Głosków,ul. Szkolna 6,Głosków,Szkolna 6,ul
27612,SZKOŁA PODSTAWOWA NR 1 IM. BOLESŁAWA PRUSA,2026,Zielonka,ul. Stanisława Staszica 56,Zielonka,Staszica 56,ul stanisława
27613,SZKOŁA PODSTAWOWA NR 2 IM. MIKOŁAJA KOPERNIKA,2026,Zielonka,ul. Powstańców 3,Zielonka,Powstańców 3,ul
27614,SZKOŁA PODSTAWOWA NR 3 IM. JANUSZA KORCZAKA,2026,Zielonka,ul. Woodrowa Wilsona 34/36,Zielonka,Wilsona 34/36,ul woodrowa
27983,SZKOŁA PODSTAWOWA IM. MIKOŁAJA KOPERNIKA W OSTROWIE,2026,Ostrów,ul. Kościelna 1,Ostrów,Kościelna 1,ul
28037,SZKOŁA PODSTAWOWA IM. POLSKICH DZIECI SYBERYJSKICH W STAREJ WSI,2026,Stara Wieś,ul. Fabryczna 6,Stara Wieś,Fabryczna 6,ul
28116,SPOŁECZNA SZKOŁA PODSTAWOWA NR 13 Z ODDZIAŁAMI DWUJĘZYCZNYMI IM. LOTNIKÓW AMERYKAŃSKICH,2026,Warszawa,ul. Kazimierza Wóycickiego 1/3,Warszawa,Wóycickiego 1/3,ul kazimierza
28117,SPOŁECZNA SZKOŁA PODSTAWOWA NR 14 IM. DZIECI ZJEDNOCZONEJ EUROPY SPOŁECZNEGO TOWARZYSTWA OŚWIATOWEGO,2026,Warszawa,ul. Bachmacka 3,Warszawa,Bachmacka 3,ul
28118,SZKOŁA PODSTAWOWA Z ODDZIAŁAMI DWUJĘZYCZNYMI NR 20 IM. JANA GUTENBERGA FUNDACJI SZKOLNEJ W WARSZAWIE,2026,Warszawa,ul. Obrzeżna 12a,Warszawa,Obrzeżna 12a,ul
28760,SZKOŁA PODSTAWOWA NR 5 IM. ŻOŁNIERZY ARMII KRAJOWEJ W WYSZKOWIE,2026,Wyszków,ul. Geodetów 45,Wyszków,Geodetów 45,ul
29137,SZKOŁA PODSTAWOWA NR 5 IM. WŁADYSŁAWA BRONIEWSKIEGO W CIECHANOWIE,2026,Ciechanów,ul. Władysława Broniewskiego 1,Ciechanów,Broniewskiego 1,ul władysława
29542,SZKOŁA PODSTAWOWA NR 195 IM. KRÓLA MACIUSIA I,2026,Warszawa,ul. Króla Maciusia 5,Warszawa,Maciusia 5,ul króla
29745,SZKOŁA PODSTAWOWA IM. HENRYKA SIENKIEWICZA W RYBNIE,2026,Rybno,ul. Wyszkowska 87,Rybno,Wyszkowska 87,ul
29783,SZKOŁA PODSTAWOWA NR 1 IM. TADEUSZA KOŚCIUSZKI W BRWINOWIE,2026,Brwinów,ul. marsz. Józefa Piłsudskiego 11,Brwinów,Piłsudskiego 11,ul marsz józefa
29860,SPOŁECZNA SZKOŁA PODSTAWOWA NR 26 IM. PROF. JIGORO KANO SPOŁECZNEGO TOWARZYSTWA OŚWIATOWEGO,2026,Warszawa,ul. Puławska 97,Warszawa,Puławska 97,ul
29884,SZKOŁA PODSTAWOWA W OLSZANCE,2026,Olszanka,ul. Zachodnia 3,Olszanka,Zachodnia 3,ul
29946,SZKOŁA PODSTAWOWA NIEPUBLICZNA NR 49,2026,Warszawa,ul. Jana Sebastiana Bacha 2,Warszawa,Bacha 2,ul jana sebastiana
29949,SZKOŁA PODSTAWOWA SIÓSTR FELICJANEK NR 28 IM. BŁ. MARII ANGELI TRUSZKOWSKIEJ,2026,Warszawa,ul. Azaliowa 10,Warszawa,Azaliowa 10,ul
29953,SPOŁECZNA SZKOŁA PODSTAWOWA NR 30 SPOŁECZNEGO TOWARZYSTWA OŚWIATOWEGO,2026,Warszawa,ul. Astronautów 11,Warszawa,Astronautów 11,ul
29970,SZKOŁA PODSTAWOWA NR 1 Z ODDZIAŁAMI INTEGRACYJNYMI I DWUJĘZYCZNYMI IM. FILIPA DE GIRARDA W ŻYRARDOWIE,2026,Żyrardów,ul. Jasna 11,Żyrardów,Jasna 11,ul
30166,SZKOŁA PODSTAWOWA NR 76 IM. 13 DYWIZJI PIECHOTY STRZELCÓW KRESOWYCH,2026,Warszawa,ul. Poezji 5,Warszawa,Poezji 5,ul
30368,SZKOŁA PODSTAWOWA NR 2 IM. MARII KONOPNICKIEJ W ŻYRARDOWIE,2026,Żyrardów,ul. Gabriela Narutowicza 35,Żyrardów,Narutowicza 35,ul gabriela
30461,SZKOŁA PODSTAWOWA NR 261 IM. STANISŁAWA KOSTKI POTOCKIEGO W WARSZAWIE,2026,Warszawa,ul. Wiertnicza 26,Warszawa,Wiertnicza 26,ul
30711,"NIEPUBLICZNA SZKOŁA PODSTAWOWA NR 47 IM. ROBERTA SCHUMANA FUNDACJI ""PRIMUS""",2026,Warszawa,ul. płk. Zoltána Baló 1,Warszawa,Baló 1,ul płk zolt na
30841,PUBLICZNA SZKOŁA PODSTAWOWA IM WANDY CHOTOMSKIEJ W CHOMENTOWIE PUSZCZ,2026,Chomentów-Puszcz,ul. Ogrodowa 1,Chomentów-Puszcz,Ogrodowa 1,ul
30842,PUBLICZNA SZKOŁA PODSTAWOWA IM. KORNELA MAKUSZYŃSKIEGO W MAKOWIE,2026,Maków,ul. Szkolna 6,Maków,Szkolna 6,ul
30870,SZKOŁA PODSTAWOWA NR 138 Z ODDZIAŁAMI INTEGRACYJNYMI IM. JÓZEFA HORSTA,2026,Warszawa,ul. Mieczysława Pożaryskiego 2,Warszawa,Pożaryskiego 2,ul mieczysława
30878,SZKOŁA PODSTAWOWA NR 218 IM. MICHAŁA KAJKI,2026,Warszawa,ul. Michała Kajki 80/82,Warszawa,Kajki 80/82,ul michała
30913,SZKOŁA PODSTAWOWA NR 204 IM. 19 PUŁKU UŁANÓW WOŁYŃSKICH,2026,Warszawa,ul. Bajkowa 17/21,Warszawa,Bajkowa 17/21,ul
30971,SZKOŁA PODSTAWOWA NR 66 IM. KS. JULIANA CHROŚCICKIEGO,2026,Warszawa,ul. Przepiórki 16/18,Warszawa,Przepiórki 16/18,ul
30973,SZKOŁA PODSTAWOWA NR 94 IM. I MARSZAŁKA POLSKI JÓZEFA PIŁSUDSKIEGO,2026,Warszawa,ul. Cietrzewia 22a,Warszawa,Cietrzewia 22a,ul
30974,SZKOŁA PODSTAWOWA NR 88 IM. GABRIELA NARUTOWICZA,2026,Warszawa,ul. Radarowa 4b,Warszawa,Radarowa 4b,ul
30975,"SZKOŁA PODSTAWOWA Z ODDZIAŁAMI INTEGRACYJNYMI NR 87 IM. 7 PP AK ""GARŁUCH""",2026,Warszawa,ul. Malownicza 31,Warszawa,Malownicza 31,ul
31075,"PRYWATNA SZKOŁA PODSTAWOWA NR 81 FUNDACJI ""RODZICE DZIECIOM""",2026,Warszawa,ul. Ludwika Krzywickiego 30,Warszawa,Krzywickiego 30,ul ludwika
31112,SZKOŁA PODSTAWOWA NR 5 IM. WŁADYSŁAWA BRONIEWSKIEGO W PŁOCKU,2026,Płock,ul. Krakówka 4,Płock,Krakówka 4,ul
31353,SZKOŁA PODSTAWOWA NR 4 IM. MIKOŁAJA REJA W ŻYRARDOWIE,2026,Żyrardów,ul. Radziwiłłowska 16,Żyrardów,Radziwiłłowska 16,ul
31593,SZKOŁA PODSTAWOWA NR 2 IM. MIKOŁAJA KOPERNIKA W ŁOSICACH,2026,Łosice,ul. Bialska 15,Łosice,Bialska 15,ul
31602,SZKOŁA PODSTAWOWA NR 7 IM. HENRYKA SIENKIEWICZA W ŻYRARDOWIE,2026,Żyrardów,ul. Franklina Roosevelta 2,Żyrardów,Roosevelta 2,ul franklina
31698,PRYWATNA ŻEŃSKA SZKOŁA PODSTAWOWA Z ODDZIAŁAMI DWUJĘZYCZNYMI IM. CECYLII PLATER-ZYBERKÓWNY,2026,Warszawa,ul. Piękna 24/26,Warszawa,Piękna 24/26,ul
31704,PRYWATNA SZKOŁA PODSTAWOWA NR 83,2026,Warszawa,ul. Wacława Lachmana 2,Warszawa,Lachmana 2,ul wacława
31814,PRYWATNA SZKOŁA PODSTAWOWA NR 105 IM. ASTRID LINDGREN,2026,Warszawa,ul. Żwanowiecka 46/50,Warszawa,Żwanowiecka 46/50,ul
31929,PUBLICZNA SZKOŁA PODSTAWOWA IM. WŁADYSŁAWA ROSŁOŃCA W PRZYBYSZEWIE,2026,Przybyszew,ul. Władysława Rosłońca 5,Przybyszew,Rosłońca 5,ul władysława
31992,SZKOŁA PODSTAWOWA W KAZUNIU NOWYM IM. 2 BRYGADY SAPERÓW,2026,Kazuń Nowy,ul. Główna 6,Kazuń Nowy,Główna 6,ul
34206,SZKOŁA PODSTAWOWA NR 6 IM. ELIZY ORZESZKOWEJ W ŻYRARDOWIE,2026,Żyrardów,ul. Józefa Mireckiego 56,Żyrardów,Mireckiego 56,ul józefa
34210,ZESPÓŁ PLACÓWEK OŚWIATOWYCH W KAZANOWIE PUBLICZNA SZKOŁA PODSTAWOWA W KAZANOWIE,2026,Kazanów,ul. Kościelna 52,Kazanów,Kościelna 52,ul
34237,AUTORSKA SZKOŁA PODSTAWOWA NR 12,2026,Warszawa,ul. Armii Krajowej 9,Warszawa,Armii Krajowej 9,ul
34499,SZKOŁA PODSTAWOWA Z ODDZIAŁAMI INTEGRACYJNYMI NR 214 IM. HENRYKA JERZEGO CHMIELEWSKIEGO,2026,Warszawa,ul. Antoniego Fontany 1,Warszawa,Fontany 1,ul antoniego
34570,SZKOŁA PODSTAWOWA NR 29 IM.GIUSEPPE GARIBALDIEGO,2026,Warszawa,ul. Fabryczna 19,Warszawa,Fabryczna 19,ul
34633,SZKOŁA PODSTAWOWA NR 32 Z ODDZIAŁAMI INTEGRACYJNYMI IM. MAŁEGO POWSTAŃCA,2026,Warszawa,ul. Dow Bera Meiselsa 1,Warszawa,Meiselsa 1,ul dow bera
34634,SZKOŁA PODSTAWOWA NR 12 IM. POWSTAŃCÓW ŚLĄSKICH,2026,Warszawa,ul. Górnośląska 45,Warszawa,Górnośląska 45,ul
34635,SZKOŁA PODSTAWOWA NR 1 IM. GUSTAWA MORCINKA,2026,Warszawa,ul. Wilcza 53,Warszawa,Wilcza 53,ul
34745,SZKOŁA PODSTAWOWA NR 34 IM. STANISŁAWA DUBOIS,2026,Warszawa,ul. Leona Kruczkowskiego 12b,Warszawa,Kruczkowskiego 12b,ul leona
34835,SZKOŁA PODSTAWOWA NR 1 IM. BRACI JEZIOROWSKICH W PŁOCKU,2026,Płock,inne Pasaż Vuka Karadzica 1,Płock,Pasaż Vuka Karadzica 1,inne
34838,SZKOŁA PODSTAWOWA NR 17 IM. TADEUSZA KOŚCIUSZKI W PŁOCKU,2026,Płock,ul. Miodowa 18,Płock,Miodowa 18,ul
34983,SZKOŁA PODSTAWOWA NR 75 IM. MARII KONOPNICKIEJ,2026,Warszawa,ul. Niecała 14,Warszawa,Niecała 14,ul
35031,SZKOŁA PODSTAWOWA NR 16 IM. MIKOŁAJA KOPERNIKA W PŁOCKU,2026,Płock,ul. Piasta Kołodzieja 7,Płock,Piasta Kołodzieja 7,ul
35079,SZKOŁA PODSTAWOWA IM. ORŁA BIAŁEGO W OSTRÓWKU,2026,Ostrówek,ul. Szkolna 2,Ostrówek,Szkolna 2,ul
35094,SZKOŁA PODSTAWOWA NR 158 IM. JANA KILIŃSKIEGO,2026,Warszawa,ul. Ciasna 13,Warszawa,Ciasna 13,ul
35188,SZKOŁA PODSTAWOWA NR 203 IM. ANTONINY I JANA ŻABIŃSKICH,2026,Warszawa,ul. ks. Ignacego Skorupki 8,Warszawa,Skorupki 8,ul ks ignacego
35230,PUBLICZNA SZKOŁA PODSTAWOWA IM. JANUSZA KORCZAKA W KOWALI-STĘPOCINIE,2026,Kowala-Stępocina,ul. Marii Walewskiej 6,Kowala-Stępocina,Walewskiej 6,ul marii
38444,"NIEPUBLICZNA SZKOŁA PODSTAWOWA ""NASZA SZKOŁA"" IM. JANUSZA KORCZAKA W WARSZAWIE",2026,Warszawa,ul. Liczydło 3,Warszawa,Liczydło 3,ul
38643,PUBLICZNA SZKOŁA PODSTAWOWA SPECJALNA,2026,Radom,ul. Wośnicka 121,Radom,Wośnicka 121,ul
38737,SZKOŁA PODSTAWOWA Z ODDZIAŁAMI INTEGRACYJNYMI NR 23 IM. ARMII KRAJOWEJ W PŁOCKU,2026,Płock,ul. Walecznych 20,Płock,Walecznych 20,ul
38738,OGÓLNOKSZTAŁCĄCA SZKOŁA MUZYCZNA I STOPNIA W PŁOCKU,2026,Płock,ul. Kolegialna 23,Płock,Kolegialna 23,ul
38742,SZKOŁA PODSTAWOWA NR 48 IMIENIA ADAMA PRÓCHNIKA,2026,Warszawa,ul. Stefanii Sempołowskiej 4,Warszawa,Sempołowskiej 4,ul stefanii
38778,SZKOŁA PODSTAWOWA NR 20 IM. WŁADYSŁAWA BRONIEWSKIEGO W PŁOCKU,2026,Płock,ul. Janusza Korczaka 10,Płock,Korczaka 10,ul janusza
38779,SZKOŁA PODSTAWOWA Z ODDZIAŁAMI DWUJĘZYCZNYMI NR 3 IM. KORNELA MAKUSZYŃSKIEGO W PŁOCKU,2026,Płock,ul. Królowej Jadwigi 4,Płock,Jadwigi 4,ul królowej
39022,SZKOŁA PODSTAWOWA IM.ARMII KRAJOWEJ GRUPY KAMPINOS W BORZĘCINIE DUŻYM,2026,Borzęcin Duży,ul. Warszawska 697,Borzęcin Duży,Warszawska 697,ul
39641,SZKOŁA PODSTAWOWA IM. JANUSZA KORCZAKA W PASIEKACH,2026,Pasieki,ul. Szkolna 2,Pasieki,Szkolna 2,ul
39756,SZKOŁA PODSTAWOWA NR 1 IM. MIKOŁAJA KOPERNIKA,2026,Mińsk Mazowiecki,ul. Mikołaja Kopernika 9,Mińsk Mazowiecki,Kopernika 9,ul mikołaja
40199,PUBLICZNA SZKOŁA PODSTAWOWA IM. JANUSZA KORCZAKA W REPKACH,2026,Repki,ul. Osiedlowa 8,Repki,Osiedlowa 8,ul
40545,SZKOŁA PODSTAWOWA NR 351 IM. BOLESŁAWA PRUSA,2026,Warszawa,ul. Jana Olbrachta 48/56,Warszawa,Jana Olbrachta 48/56,ul
40657,PUBLICZNA SZKOŁA PODSTAWOWA NR 1 Z ODDZIAŁAMI INTEGRACYJNYMI IM. IGNACEGO DASZYŃSKIEGO W RADOMIU,2026,Radom,ul. Odrodzenia 37,Radom,Odrodzenia 37,ul
40716,SZKOŁA PODSTAWOWA NR 26 IM. MIROSŁAWA BIERNACKIEGO,2026,Warszawa,ul. Miedziana 8,Warszawa,Miedziana 8,ul
40717,SZKOŁA PODSTAWOWA NR 132 IM. SÁNDORA PETŐFIEGO,2026,Warszawa,ul. Grabowska 1,Warszawa,Grabowska 1,ul
40898,SZKOŁA PODSTAWOWA NR 238 IM. CHRISTO BOTEWA,2026,Warszawa,ul. Redutowa 37,Warszawa,Redutowa 37,ul
40908,SZKOŁA PODSTAWOWA NR 139 IM. LUDWIKI WAWRZYŃSKIEJ,2026,Warszawa,ul. Syreny 5/7,Warszawa,Syreny 5/7,ul
40938,PUBLICZNA SZKOŁA PODSTAWOWA NR 2 IM. HANSA CHRISTIANA ANDERSENA W RADOMIU,2026,Radom,ul. Batalionów Chłopskich 16,Radom,Batalionów Chłopskich 16,ul
40945,SZKOŁA PODSTAWOWA NR 63 IM. ZAWISZY CZARNEGO,2026,Warszawa,ul. Płocka 30,Warszawa,Płocka 30,ul
41035,PUBLICZNA SZKOŁA PODSTAWOWA NR 4 Z ODDZIAŁAMI INTEGRACYJNYMI IM. ŚW. KAZIMIERZA JAGIELLOŃCZYKA W RADOMIU,2026,Radom,ul. Wyścigowa 49,Radom,Wyścigowa 49,ul
41073,SZKOŁA PODSTAWOWA IM ZBIGNIEWA DŁUŻNIEWSKIEGO,2026,Nowa Góra,ul. Szkolna 6,Nowa Góra,Szkolna 6,ul
41137,PUBLICZNA SZKOŁA PODSTAWOWA NR 5 IM.MARII DĄBROWSKIEJ W RADOMIU,2026,Radom,ul. gen. Józefa Sowińskiego 1,Radom,Sowińskiego 1,ul gen józefa
41174,SZKOŁA PODSTAWOWA NR 148 IM. HUGONA KOŁŁĄTAJA,2026,Warszawa,ul. Ożarowska 69,Warszawa,Ożarowska 69,ul
41455,SZKOŁA PODSTAWOWA NR 222 IM. JANA BRZECHWY,2026,Warszawa,ul. Esperanto 7a,Warszawa,Esperanto 7a,ul
41649,SZKOŁA PODSTAWOWA NR 236 Z ODDZIAŁAMI INTEGRACYJNYMI IM. IRENY SENDLEROWEJ,2026,Warszawa,ul. Elekcyjna 21/23,Warszawa,Elekcyjna 21/23,ul
41811,PUBLICZNA SZKOŁA PODSTAWOWA IM. BRACI ANDRZEJA I JÓZEFA ZAŁUSKICH W JEDLANCE,2026,Jedlanka,ul. Główna 29,Jedlanka,Główna 29,ul
41818,SZKOŁA PODSTAWOWA NR 227 IM. LOTNIKÓW POLSKICH,2026,Warszawa,ul. Astronautów 17,Warszawa,Astronautów 17,ul
41863,"SZKOŁA PODSTAWOWA Z ODDZIAŁAMI INTEGRACYJNYMI NR 41 IM. ŻOŁNIERZY ARMII KRAJOWEJ GRUPY BOJOWEJ ""KRYBAR"" W WARSZAWIE",2026,Warszawa,ul. Drewniana 8,Warszawa,Drewniana 8,ul
42111,SZKOŁA PODSTAWOWA IM. STEFANII CYGAŃSKIEJ W JAKTOROWIE,2026,Jaktorów,ul. Warszawska 88,Jaktorów,Warszawska 88,ul
42112,SZKOŁA PODSTAWOWA IM. JÓZEFA JAGIELSKIEGO W MIĘDZYBOROWIE,2026,Międzyborów,ul. Staszica 5,Międzyborów,Staszica 5,ul
42176,PUBLICZNA SZKOŁA PODSTAWOWA NR 6 Z ODDZIAŁAMI INTEGRACYJNYMI IM.ORŁA BIAŁEGO W RADOMIU,2026,Radom,ul. Adama Rapackiego 24,Radom,Rapackiego 24,ul adama
42212,PUBLICZNA SZKOŁA PODSTAWOWA NR 7 IM.KAZIMIERZA PUŁASKIEGO W RADOMIU,2026,Radom,ul. Aleksandra Tybla 7/11,Radom,Tybla 7/11,ul aleksandra
42237,PUBLICZNA SZKOŁA PODSTAWOWA NR 9 IM. HENRYKA SIENKIEWICZA W RADOMIU,2026,Radom,ul. Sandomierska 19,Radom,Sandomierska 19,ul
42246,SZKOŁA PODSTAWOWA NR 2 W PŁOŃSKU IM. JANA WALEREGO JĘDRZEJEWICZA,2026,Płońsk,ul. Szkolna 30,Płońsk,Szkolna 30,ul
42836,SZKOŁA PODSTAWOWA NR 166 IM. ŻWIRKI I WIGURY,2026,Warszawa,ul. Żytnia 40,Warszawa,Żytnia 40,ul
42866,SZKOŁA PODSTAWOWA NR 3 IM. STANISŁAWA WYSPIAŃSKIEGO,2026,Płońsk,ul. Stanisława Wyspiańskiego 4,Płońsk,Wyspiańskiego 4,ul stanisława
42903,SZKOŁA PODSTAWOWA IM.PAWŁA WŁODKOWICA W BRUDZENIU DUŻYM,2026,Brudzeń Duży,ul. Płocka 12,Brudzeń Duży,Płocka 12,ul
43810,SZKOŁA PODSTAWOWA IM. KORNELA MAKUSZYŃSKIEGO W KORYTOWIE A,2026,Korytów A,ul. Szkolna 3,Korytów A,Szkolna 3,ul
43836,SZKOŁA PODSTAWOWA NR 210 IM. BOHATERÓW PAWIAKA,2026,Warszawa,ul. Karmelicka 13,Warszawa,Karmelicka 13,ul
43837,SZKOŁA PODSTAWOWA Z ODDZIAŁAMI INTEGRACYJNYMI I ODDZIAŁAMI DWUJĘZYCZNYMI NR 211 IM. JANUSZA KORCZAKA,2026,Warszawa,ul. Nowy Świat 21a,Warszawa,Nowy Świat 21a,ul
43929,"SZKOŁA PODSTAWOWA NR 353 IM. ""WIELKICH ODKRYWCÓW""",2026,Warszawa,ul. Cieplarniana 23,Warszawa,Cieplarniana 23,ul
43937,SZKOŁA PODSTAWOWA IM. POMNIK WDZIĘCZNOŚCI W ZAKROCZYMIU,2026,Zakroczym,ul. Ojca Honorata Koźmińskiego 63,Zakroczym,Koźmińskiego 63,ul ojca honorata
44013,SZKOŁA PODSTAWOWA NR 1 IM. STANISŁAWA JACHOWICZA,2026,Ostrołęka,"ul. gen. Augusta Emila Fieldorfa ""Nila"" 4/6",Ostrołęka,"Fieldorfa ""Nila"" 4/6",ul gen augusta emila
44015,SZKOŁA PODSTAWOWA NR 2 IM. STANISŁAWA STASZICA W OSTROŁĘCE,2026,Ostrołęka,ul. Papiernicza 1,Ostrołęka,Papiernicza 1,ul
44114,SZKOŁA PODSTAWOWA IM.PRYMASA TYSIĄCLECIA W NADMIE,2026,Nadma,ul. Szkolna 7,Nadma,Szkolna 7,ul
47484,SZKOŁA PODSTAWOWA IM. MIKOŁAJA KOPERNIKA W NOWEJ WSI,2026,Nowa Wieś,ul. Główna 96,Nowa Wieś,Główna 96,ul
47540,SZKOŁA PODSTAWOWA W SKÓRCU,2026,Skórzec,ul. Siedlecka 1,Skórzec,Siedlecka 1,ul
48076,SZKOŁA PODSTAWOWA IM. MARII DĄBROWSKIEJ,2026,Komorów,ul. Aleja Marii Dąbrowskiej 12/20,Komorów,Aleja Marii Dąbrowskiej 12/20,ul
48841,SZKOŁA PODSTAWOWA NR 42 Z ODDZIAŁAMI INTEGRACYJNYMI IM. KONSTANTEGO ILDEFONSA GAŁCZYŃSKIEGO,2026,Warszawa,ul. Balkonowa 4,Warszawa,Balkonowa 4,ul
48842,SZKOŁA PODSTAWOWA NR 52 IM. MACIEJA ALEKSEGO DAWIDOWSKIEGO “ALKA”,2026,Warszawa,ul. Samarytanka 11a,Warszawa,Samarytanka 11a,ul
48843,SZKOŁA PODSTAWOWA NR 285 IM. JANA MARCINA SZANCERA,2026,Warszawa,ul. Turmoncka 20,Warszawa,Turmoncka 20,ul
48845,SZKOŁA PODSTAWOWA NR 277 IM. ELIZY ORZESZKOWEJ,2026,Warszawa,ul. Suwalska 29,Warszawa,Suwalska 29,ul
48846,SZKOŁA PODSTAWOWA NR 298 IM. JANA KASPROWICZA,2026,Warszawa,ul. Krakusa 2,Warszawa,Krakusa 2,ul
48848,SZKOŁA PODSTAWOWA NR 114 Z ODDZIAŁAMI INTEGRACYJNYMI IM. JĘDRZEJA CIERNIAKA,2026,Warszawa,ul. Remiszewska 40,Warszawa,Remiszewska 40,ul
48897,SZKOŁA PODSTAWOWA IM.JANUSZA KORCZAKA W DOBCZYNIE,2026,Dobczyn,ul. Mazowiecka 67,Dobczyn,Mazowiecka 67,ul
48898,SZKOŁA PODSTAWOWA IM JANA PAWŁA II W KRUSZU,2026,Krusze,ul. Kryształowa 99 A,Krusze,Kryształowa 99 A,ul
48900,SZKOŁA PODSTAWOWA W STARYM KRASZEWIE,2026,Stary Kraszew,ul. Szkolna 5,Stary Kraszew,Szkolna 5,ul
49172,SZKOŁA PODSTAWOWA IM. JANA ADAMA MAKLAKIEWICZA W MSZCZONOWIE,2026,Mszczonów,ul. Warszawska 27,Mszczonów,Warszawska 27,ul
49239,PUBLICZNA SZKOŁA PODSTAWOWA IM. TERESY GRODZIŃSKIEJ W BIELISZE,2026,Bielicha,ul. Przytycka 184,Bielicha,Przytycka 184,ul
49375,PUBLICZNA SZKOŁA PODSTAWOWA NR.15 IM. WŁADYSŁAWA SYROKOMLI W RADOMIU,2026,Radom,ul. Kielecka 2/6,Radom,Kielecka 2/6,ul
49610,SZKOŁA PODSTAWOWA IM. KARDYNAŁA STEFANA WYSZYŃSKIEGO W LELICACH,2026,Lelice,ul. Szkolna 1,Lelice,Szkolna 1,ul
49725,SZKOŁA PODSTAWOWA W PIEKARACH,2026,Piekary,ul. Piekarska 47,Piekary,Piekarska 47,ul
49900,PUBLICZNA SZKOŁA PODSTAWOWA NR 17 IM. JANA KOCHANOWSKIEGO W RADOMIU,2026,Radom,ul. Czarnoleska 10,Radom,Czarnoleska 10,ul
49924,PUBLICZNA SZKOŁA PODSTAWOWA IM. JULIANA TUWIMA W TRĄBKACH,2026,Trąbki,ul. Osadnicza 4,Trąbki,Osadnicza 4,ul
50338,PUBLICZNA SZKOŁA PODSTAWOWA IM. PAPIEŻA JANA PAWŁA II W MŁYNARZACH,2026,Młynarze,ul. Ostrołęcka 24,Młynarze,Ostrołęcka 24,ul
50447,SZKOŁA PODSTAWOWA IM. MARII KONOPNICKIEJ W GOZDOWIE,2026,Gozdowo,ul. Krystyna Gozdawy 21,Gozdowo,Gozdawy 21,ul krystyna
50849,SZKOŁA PODSTAWOWA IM. ŚW. JANA PAWŁA II W WOLI RĘBKOWSKIEJ W ZESPOLE SZKOLNO-PRZEDSZKOLNYM W WOLI RĘBKOWSKIEJ,2026,Wola Rębkowska,ul. Długa 90,Wola Rębkowska,Długa 90,ul
52372,SZKOŁA PODSTAWOWA NR 84 IM. WALERIANA ŁUKASIŃSKIEGO,2026,Warszawa,ul. Radzymińska 227,Warszawa,Radzymińska 227,ul
52527,SZKOŁA PODSTAWOWA IM.WŁADYSŁAWA RDZANOWSKIEGO W RADZIEJOWICACH,2026,Radziejowice,ul. Główna 2,Radziejowice,Główna 2,ul
52764,SZKOŁA PODSTAWOWA NR 1 IM. KS. PIOTRA SKARGI W MILANÓWKU,2026,Milanówek,ul. Królewska 69,Milanówek,Królewska 69,ul
52808,I SPOŁECZNA SZKOŁA PODSTAWOWA SPOŁECZNEGO TOWARZYSTWA OŚWIATOWEGO W RADOMIU,2026,Radom,"ul. mjr. Jana Piwnika ""Ponurego"" 3",Radom,"Piwnika ""Ponurego"" 3",ul mjr jana
52946,SZKOŁA PODSTAWOWA IM. STANISŁAWA MONIUSZKI,2026,Łajski,ul. Kościelna 63,Łajski,Kościelna 63,ul
52983,KATOLICKA SZKOŁA PODSTAWOWA IM. KS. PIOTRA SKARGI,2026,Warszawa,ul. Józefa Bema 73/75,Warszawa,Bema 73/75,ul józefa
52988,"""ŻAGLE"" SZKOŁA PODSTAWOWA STOWARZYSZENIA STERNIK",2026,Warszawa,ul. Mieczysława Pożaryskiego 28,Warszawa,Pożaryskiego 28,ul mieczysława
52998,POLSKO-NIEMIECKA SZKOŁA SPOTKAŃ I DIALOGU IM. WILLY'EGO BRANDTA W WARSZAWIE - SZKOŁA PODSTAWOWA,2026,Warszawa,ul. św. Urszuli Ledóchowskiej 3,Warszawa,Ledóchowskiej 3,ul św urszuli
53000,DWUJĘZYCZNA SZKOŁA PODSTAWOWA NR 1,2026,Warszawa,ul. Wspólna 55,Warszawa,Wspólna 55,ul
53002,WARSAW BILINGUAL SCHOOL DWUJĘZYCZNA SZKOŁA PODSTAWOWA IM. PROFESORA WŁADYSŁAWA BARTOSZEWSKIEGO,2026,Warszawa,ul. Radarowa 6,Warszawa,Radarowa 6,ul
53008,NIEPUBLICZNA WALDORFSKA SZKOŁA PODSTAWOWA IM. AUGUSTA CIESZKOWSKIEGO,2026,Warszawa,ul. Alpejska 16,Warszawa,Alpejska 16,ul
53024,NIEPUBLICZNA SZKOŁA PODSTAWOWA IM. JULIUSZA VERNE'A,2026,Warszawa,ul. Marymoncka 34,Warszawa,Marymoncka 34,ul
53028,NIEPUBLICZNA SZKOŁA PODSTAWOWA GAUDEAMUS,2026,Warszawa,ul. Lazurowa 67,Warszawa,Lazurowa 67,ul
53368,SZKOŁA PODSTAWOWA NR 18 IM. JANA ZYGMUNTA JAKUBOWSKIEGO W PŁOCKU,2026,Płock,ul. Jasna 8,Płock,Jasna 8,ul
53424,PUBLICZNA SZKOŁA PODSTAWOWA IM. JANUSZA KORCZAKA W SUCHEJ,2026,Sucha,ul. Szlachecka 88A,Sucha,Szlachecka 88A,ul
53691,SZKOŁA PODSTAWOWA NR 2 IM. MICHALINY CHEŁMOŃSKIEJ-SZCZEPANKOWSKIEJ W SŁUPNIE,2026,Słupno,ul. Szkolna 3,Słupno,Szkolna 3,ul
53730,PUBLICZNA SZKOŁA PODSTAWOWA IM. TADEUSZA KOŚCIUSZKI W JEDLIŃSKU,2026,Jedlińsk,ul. Konopnickiej 2,Jedlińsk,Konopnickiej 2,ul
53829,SZKOŁA PODSTAWOWA IM. JÓZEFA WYBICKIEGO W BABOSZEWIE,2026,Baboszewo,ul. Jana i Antoniego Brodeckich 6,Baboszewo,Brodeckich 6,ul jana i antoniego
54132,SZKOŁA PODSTAWOWA NR 171 IM. STANISŁAWA STASZICA,2026,Warszawa,ul. Armii Krajowej 39,Warszawa,Armii Krajowej 39,ul
54139,SZKOŁA PODSTAWOWA NR 173 IM. GÓRNIKÓW POLSKICH,2026,Warszawa,inne Trakt Brzeski 18,Warszawa,Trakt Brzeski 18,inne
54433,SZKOŁA PODSTAWOWA IM. PORUCZNIKA STANISŁAWA LECHA W POŚWIĘTNEM,2026,Cygów,ul. Szkolna 20,Cygów,Szkolna 20,ul
55088,SZKOŁA PODSTAWOWA IM. PPOR. EMILII GIERCZAK W ŁĄCKU,2026,Łąck,ul. Kolejowa 1,Łąck,Kolejowa 1,ul
55331,SZKOŁA PODSTAWOWA NR 1 IM. KORNELA MAKUSZYŃSKIEGO W MARKACH,2026,Marki,ul. Okólna 14,Marki,Okólna 14,ul
55559,SZKOŁA PODSTAWOWA IM. WANDY CHOTOMSKIEJ W JÓZEFOWIE,2026,Józefów,ul. Szkolna 62,Józefów,Szkolna 62,ul
55560,SZKOŁA PODSTAWOWA IM. WOJSKA POLSKIEGO W BIAŁOBRZEGACH,2026,Białobrzegi,ul. Wojska Polskiego 21,Białobrzegi,Wojska Polskiego 21,ul
55561,SZKOŁA PODSTAWOWA IM. I BATALIONU SAPERÓW KOŚCIUSZKOWSKICH W IZABELINIE,2026,Izabelin,ul. Szkolna 1,Izabelin,Szkolna 1,ul
55835,"SZKOŁA PODSTAWOWA NR 4 IM. STEFANA ROWECKIEGO ""GROTA""",2026,Marki,ul. Wspólna 42,Marki,Wspólna 42,ul
55922,"PUBLICZNA SZKOŁA PODSTAWOWA IM. ""BAJKOPISARZY ŚWIATA"" W LESZNOWOLI",2026,Lesznowola,ul. Szkolna 1,Lesznowola,Szkolna 1,ul
55926,PUBLICZNA SZKOŁA PODSTAWOWA NR 3 IM. KS. PIOTRA SKARGI W GRÓJCU,2026,Grójec,ul. Armii Krajowej 34,Grójec,Armii Krajowej 34,ul
55944,SZKOŁA PODSTAWOWA NR 1 W ŁASKARZEW,2026,Łaskarzew,ul. Alejowa 23,Łaskarzew,Alejowa 23,ul
55954,SZKOŁA PODSTAWOWA IM. OJCA ŚWIĘTEGO JANA PAWŁA II W SŁUBICACH,2026,Słubice,ul. Płocka 30,Słubice,Płocka 30,ul
56032,SZKOŁA PODSTAWOWA IM.BOLESŁAWA PRUSA,2026,Kałuszyn,ul. Pocztowa 4,Kałuszyn,Pocztowa 4,ul
56150,PUBLICZNA SZKOŁA PODSTAWOWA W GOSZCZYNIE,2026,Goszczyn,ul. Armii Krajowej 2,Goszczyn,Armii Krajowej 2,ul
56256,NIEPUBLICZNA SZKOŁA PODSTAWOWA IM. JULIUSZA SŁOWACKIEGO W RADOMIU,2026,Radom,ul. Warszawska 3,Radom,Warszawska 3,ul
56368,SZKOŁA PODSTAWOWA NR 206 Z ODDZIAŁAMI INTEGRACYJNYMI IM. WŁADYSŁAWA REYMONTA,2026,Warszawa,ul. Bartnicza 2,Warszawa,Bartnicza 2,ul
56423,"SZKOŁA PODSTAWOWA IM. MJR. HENRYKA DOBRZAŃSKIEGO ""HUBALA"" W ZABRAŃCU",2026,Zabraniec,ul. ks. Wł. Skonieckiego 8,Zabraniec,Skonieckiego 8,ul ks wł
56496,PUBLICZNA SZKOŁA PODSTAWOWA W JABŁONNIE LACKIEJ,2026,Jabłonna Lacka,ul. Klonowa 6,Jabłonna Lacka,Klonowa 6,ul
56579,SZKOŁA PODSTAWOWA IM.KS. KARDYNAŁA STEFANA WYSZYŃSKIEGO W NOWYM DUNINOWIE,2026,Nowy Duninów,ul. Gostynińska 1,Nowy Duninów,Gostynińska 1,ul
56584,SZKOŁA PODSTAWOWA IM. JANA PAWŁA II W KRASNOSIELCU,2026,Krasnosielc,ul. Ogrodowa 2A,Krasnosielc,Ogrodowa 2A,ul
56655,SZKOŁA PODSTAWOWA SPECJALNA NR 4 W JÓZEFOWIE MŁODZIEŻOWY OŚRODEK SOCJOTERAPII „JĘDRUŚ” W JÓZEFOWIE,2026,Józefów,ul. Główna 10,Józefów,Główna 10,ul
57148,PUBLICZNA SZKOŁA PODSTAWOWA IM. JÓZEFA BRANDTA W OROŃSKU,2026,Orońsko,ul. Szkolna 3,Orońsko,Szkolna 3,ul
57236,SZKOŁA PODSTAWOWA W ZESPOLE SZKOLNO-PRZEDSZKOLNYM W CIEMNEM,2026,Ciemne,ul. Wołomińska 208,Ciemne,Wołomińska 208,ul
57320,SZKOŁA PODSTAWOWA IM.ORŁA BIAŁEGO W BRZEŚCACH,2026,Brześce,ul. Wilanowska 55,Brześce,Wilanowska 55,ul
57705,PUBLICZNA SZKOŁA PODSTAWOWA WE WSOLI,2026,Wsola,ul. Szkolna 1,Wsola,Szkolna 1,ul
57874,SZKOŁA PODSTAWOWA IM. POLSKI NIEPODLEGŁEJ W BANIOSZE,2026,Baniocha,ul. Szkolna 1,Baniocha,Szkolna 1,ul
58101,PUBLICZNA SZKOŁA PODSTAWOWA NR 21 IM. KS. JANA TWARDOWSKIEGO W RADOMIU,2026,Radom,ul. Trojańska 5,Radom,Trojańska 5,ul
58174,PUBLICZNA SZKOŁA PODSTAWOWA IM. PRZYJACIÓŁ DZIECI W PRZYTYKU,2026,Przytyk,ul. Szkolna 3,Przytyk,Szkolna 3,ul
58211,SZKOŁA PODSTAWOWA NR 3 IM. FRYDERYKA CHOPINA W MILANÓWKU,2026,Milanówek,ul. Żabie Oczko 1,Milanówek,Żabie Oczko 1,ul
58466,PUBLICZNA SZKOŁA PODSTAWOWA NR 26 IM. JACKA MALCZEWSKIEGO W RADOMIU,2026,Radom,ul. Wośnicka 125,Radom,Wośnicka 125,ul
58471,PUBLICZNA SZKOŁA PODSTAWOWA NR 20 IM.OBROŃCÓW POKOJU W RADOMIU,2026,Radom,ul. Malenicka 29,Radom,Malenicka 29,ul
58493,SZKOŁA PODSTAWOWA IM. ZIEMI MAZOWIECKIEJ W LISZYNIE,2026,Liszyno,ul. Wawrzyńca Sikory 19,Liszyno,Sikory 19,ul wawrzyńca
58611,SZKOŁA PODSTAWOWA IM.ŚW.STANISŁAWA KOSTKI W STRZEGOWIE,2026,Strzegowo,ul. Wyzwolenia 13,Strzegowo,Wyzwolenia 13,ul
58847,SZKOŁA PODSTAWOWA IM. KAWALERÓW ORDERU UŚMIECHU W CZERSKU,2026,Czersk,ul. Warszawska 17,Czersk,Warszawska 17,ul
58900,SZKOŁA PODSTAWOWA NR 2 IM. JANA PAWŁA II W ŁASKARZEWIE,2026,Łaskarzew,ul. Kolejowa 13,Łaskarzew,Kolejowa 13,ul
59575,SZKOŁA PODSTAWOWA IM.KSIĘDZA JANA TWARDOWSKIEGO W CZACHÓWKU,2026,Czachówek,ul. Główna 56,Czachówek,Główna 56,ul
59580,SZKOŁA PODSTAWOWA IM. KAZIMIERZA GÓRSKIEGO W CZAPLINKU,2026,Czaplinek,ul. Szkolna 5,Czaplinek,Szkolna 5,ul
59641,SZKOŁA PODSTAWOWA NR 350 IM. ARMII KRAJOWEJ,2026,Warszawa,ul. Karola Irzykowskiego 1a,Warszawa,Irzykowskiego 1a,ul karola
59852,SZKOŁA PODSTAWOWA NR 2 IM.KSIĘCIA JANUSZA W GÓRZE KALWARII,2026,Góra Kalwaria,ul. Kalwaryjska 3,Góra Kalwaria,Kalwaryjska 3,ul
60275,SZKOŁA PODSTAWOWA NR 191 IM. JÓZEFA IGNACEGO KRASZEWSKIEGO,2026,Warszawa,ul. Bokserska 30,Warszawa,Bokserska 30,ul
60276,SZKOŁA PODSTAWOWA NR 115 IM. WANDY TUROWSKIEJ,2026,Warszawa,ul. Okrężna 80,Warszawa,Okrężna 80,ul
60277,SZKOŁA PODSTAWOWA NR 190 IM. ORŁA BIAŁEGO,2026,Warszawa,ul. Zwierzyniecka 10,Warszawa,Zwierzyniecka 10,ul
60280,SZKOŁA PODSTAWOWA Z ODDZIAŁAMI DWUJĘZYCZNYMI NR 157 IM. ADAMA MICKIEWICZA,2026,Warszawa,ul. Kazimierzowska 16,Warszawa,Kazimierzowska 16,ul
60281,SZKOŁA PODSTAWOWA NR 212 IM. KRYSTYNY KRAHELSKIEJ,2026,Warszawa,ul. Czarnomorska 3,Warszawa,Czarnomorska 3,ul
60283,SZKOŁA PODSTAWOWA NR 202 IM. KAZIMIERZA GÓRSKIEGO,2026,Warszawa,"ul. Jana Bytnara ""Rudego"" 19",Warszawa,"Bytnara ""Rudego"" 19",ul jana
60284,SZKOŁA PODSTAWOWA NR 205 IM. ŻOŁNIERZY POWSTANIA WARSZAWSKIEGO,2026,Warszawa,ul. Spartańska 4,Warszawa,Spartańska 4,ul
60285,SZKOŁA PODSTAWOWA NR 260 IM. JANA MATEJKI,2026,Warszawa,ul. Zakrzewska 24 B,Warszawa,Zakrzewska 24 B,ul
60286,SZKOŁA PODSTAWOWA NR 271 IM. 11 LISTOPADA,2026,Warszawa,ul. Niegocińska 2,Warszawa,Niegocińska 2,ul
60287,SZKOŁA PODSTAWOWA NR 307 IM. KRÓLA JANA III SOBIESKIEGO,2026,Warszawa,ul. Barcelońska 8,Warszawa,Barcelońska 8,ul
60288,SZKOŁA PODSTAWOWA NR 33 IM. WOJSK OBRONY POWIETRZNEJ KRAJU,2026,Warszawa,ul. Cieszyńska 8,Warszawa,Cieszyńska 8,ul
60289,SZKOŁA PODSTAWOWA NR 46 IM. STEFANA STARZYŃSKIEGO,2026,Warszawa,ul. Wałbrzyska 5,Warszawa,Wałbrzyska 5,ul
60290,SZKOŁA PODSTAWOWA NR 70 Z ODDZIAŁAMI INTEGRACYJNYMI IM. BOHATERÓW MONTE CASSINO,2026,Warszawa,ul. Giordana Bruna 11,Warszawa,Bruna 11,ul giordana
60291,SZKOŁA PODSTAWOWA NR 85 IM. BENITO JUAREZA,2026,Warszawa,ul. Ludwika Narbutta 14,Warszawa,Narbutta 14,ul ludwika
60292,SZKOŁA PODSTAWOWA NR 103 IM. BOHATERÓW WARSZAWY 1939-1945,2026,Warszawa,ul. Jeziorna 5/9,Warszawa,Jeziorna 5/9,ul
60295,SZKOŁA PODSTAWOWA NR 146 IM. JANUSZA KORCZAKA,2026,Warszawa,ul. Domaniewska 33,Warszawa,Domaniewska 33,ul
60296,SZKOŁA PODSTAWOWA NR 69 IM. MARII SKŁODOWSKIEJ-CURIE,2026,Warszawa,ul. Wiktorska 73,Warszawa,Wiktorska 73,ul
60299,SZKOŁA PODSTAWOWA NR 98 Z ODDZIAŁAMI INTEGRACYJNYMI IM. LUCY MAUD MONTGOMERY,2026,Warszawa,ul. Artura Grottgera 22,Warszawa,Grottgera 22,ul artura
60542,SZKOŁA PODSTAWOWA IM. BŁOGOSŁAWIONEGO OJCA STANISŁAWA PAPCZYŃSKIEGO W KĄTACH,2026,Kąty,ul. Puławska 4,Kąty,Puławska 4,ul
60578,SZKOŁA PODSTAWOWA NR 150 IM. WALEREGO WRÓBLEWSKIEGO,2026,Warszawa,ul. gen. Wiktora Thomméego 1,Warszawa,Thomméego 1,ul gen wiktora
60606,SZKOŁA PODSTAWOWA IM. WŁADYSŁAWA STANISŁAWA REYMONTA W MASZEWIE DUŻYM,2026,Maszewo Duże,ul. Szkolna 14,Maszewo Duże,Szkolna 14,ul
60611,SZKOŁA PODSTAWOWA W STARYCH PROBOSZCZEWICACH,2026,Stare Proboszczewice,ul. Floriańska 4,Stare Proboszczewice,Floriańska 4,ul
60888,SZKOŁA PODSTAWOWA NR 81 IM. JULIANA URSYNA NIEMCEWICZA,2026,Warszawa,ul. Puszczyka 6,Warszawa,Puszczyka 6,ul
60902,SZKOŁA PODSTAWOWA IM. GEN. WIKTORA THOMMEE W POMIECHÓWKU,2026,Pomiechówek,ul. Nasielska 3,Pomiechówek,Nasielska 3,ul
60929,SZKOŁA PODSTAWOWA W GRODZISKU IM. BOHATERÓW WRZEŚNIA 1939 R.,2026,Grodzisk,ul. Mazowiecka 86,Grodzisk,Mazowiecka 86,ul
61436,PUBLICZNA SZKOŁA PODSTAWOWA NR 23 IM.STEFANA ŻEROMSKIEGO W RADOMIU,2026,Radom,ul. Gajowa 60,Radom,Gajowa 60,ul
61858,SZKOŁA PODSTAWOWA NR 1 IM. OLOFA PALMEGO,2026,Józefów,ul. Mickiewicza 11,Józefów,Mickiewicza 11,ul
61894,"ZESPÓŁ SZKÓŁ W MROZACH, SZKOŁA PODSTAWOWA IM. ROMUALDA TRAUGUTTA W MROZACH",2026,Mrozy,ul. Szkolna 2,Mrozy,Szkolna 2,ul
62364,PUBLICZNA SZKOŁA PODSTAWOWA W KOSTRZYNIE,2026,Kostrzyn,ul. Szkolna 7,Kostrzyn,Szkolna 7,ul
62427,SZKOŁA PODSTAWOWA IM. HENRYKA SIENKIEWICZA W JERUZALU,2026,Jeruzal,ul. Szkolna 8,Jeruzal,Szkolna 8,ul
62601,SZKOŁA PODSTAWOWA NR 4 IM. ŻOŁNIERZA POLSKIEGO W OSTROŁĘCE,2026,Ostrołęka,ul. Legionowa 17,Ostrołęka,Legionowa 17,ul
63416,SZKOŁA PODSTAWOWA Z ODDZIAŁAMI INTEGRACYJNYMI NR 301 IM. JANUSZA KORCZAKA,2026,Warszawa,ul. Brygadzistów 18,Warszawa,Brygadzistów 18,ul
63443,SZKOŁA PODSTAWOWA IM.KRZYSZTOFA KAMILA BACZYŃSKIEGO,2026,Wyszogród,ul. Niepodległości 11,Wyszogród,Niepodległości 11,ul
63992,SZKOŁA PODSTAWOWA NR 2 IM. ARMII KRAJOWEJ W MILANÓWKU,2026,Milanówek,ul. Literacka 20,Milanówek,Literacka 20,ul
64419,SZKOŁA PODSTAWOWA IM. ŚW. MAKSYMILIANA KOLBEGO W TERESINIE,2026,Teresin,al. Księcia Druckiego-Lubeckiego 3,Teresin,Druckiego-Lubeckiego 3,al księcia
64421,SZKOŁA PODSTAWOWA IM. MIKOŁAJA KOPERNIKA W SZYMANOWIE,2026,Szymanów,ul. Szkolna 35,Szymanów,Szkolna 35,ul
64554,SZKOŁA PODSTAWOWA IM. KARDYNAŁA STEFANA WYSZYŃSKIEGO W DOBIESZU,2026,Dobiesz,ul. Wolska 36,Dobiesz,Wolska 36,ul
64669,PUBLICZNA SZKOŁA PODSTAWOWA NR 28 IM. ADAMA MICKIEWICZA W RADOMIU,2026,Radom,ul. Stefana Jaracza 8,Radom,Jaracza 8,ul stefana
64965,MILANOWSKA PRYWATNA SZKOŁA PODSTAWOWA,2026,Milanówek,ul. Warszawska 52b,Milanówek,Warszawska 52b,ul
65015,PUBLICZNA SZKOŁA PODSTAWOWA NR 14 INTEGRACYJNA IM. JANA PAWŁA II W RADOMIU,2026,Radom,ul. Wierzbicka 81,Radom,Wierzbicka 81,ul
65134,SZKOŁA PODSTAWOWA IM. POLSKICH NOBLISTÓW W GOLESZYNIE,2026,Goleszyn,ul. Niepodległości 2,Goleszyn,Niepodległości 2,ul
66148,SZKOŁA PODSTAWOWA NR 3 IM. ADAMA MICKIEWICZA W OSTROŁĘCE,2026,Ostrołęka,ul. Ignacego Jerzego Skowrońskiego 8,Ostrołęka,Skowrońskiego 8,ul ignacego jerzego
66201,SZKOŁA PODSTAWOWA IM. BŁ. KS. EDWARDA GRZYMAŁY W SADOWNEM,2026,Sadowne,ul. Kościuszki 72,Sadowne,Kościuszki 72,ul
66477,PUBLICZNA SZKOŁA PODSTAWOWA IM. JANA BRZECHWY W SUŁKOWICACH,2026,Sułkowice,ul. Ogrodowa 38a,Sułkowice,Ogrodowa 38a,ul
68709,PUBLICZNA SZKOŁA PODSTAWOWA IM W.B. GŁOWACKIEGO W BRZÓZIE,2026,Brzóza,ul. Aleja Lipowa 4,Brzóza,Aleja Lipowa 4,ul
68712,PUBLICZNA SZKOŁA PODSTAWOWA Z KLASAMI SPORTOWYMI IM. JANA KOCHANOWSKIEGO W WIENIAWIE,2026,Wieniawa,ul. Szkolna 6,Wieniawa,Szkolna 6,ul
68720,KATOLICKA SZKOŁA PODSTAWOWA IM. BŁ. KS. JERZEGO POPIEŁUSZKI W SIEDLCACH,2026,Siedlce,ul. Sokołowska 172,Siedlce,Sokołowska 172,ul
69239,ZESPÓŁ SZKÓŁ W STERDYNI SZKOŁA PODSTAWOWA IM. ANIELI KRZYWOŃ,2026,Sterdyń,ul. Wojska Polskiego 17,Sterdyń,Wojska Polskiego 17,ul
69496,SZKOŁA PODSTAWOWA IM. MARII KONOPNICKIEJ W BULKOWIE,2026,Bulkowo-Kolonia,ul. Szkolna 2,Bulkowo-Kolonia,Szkolna 2,ul
69549,SZKOŁA PODSTAWOWA IM. KS. JÓZEFA PONIATOWSKIEGO W ŁADACH,2026,Dawidy Bankowe,ul. Długa 49,Dawidy Bankowe,Długa 49,ul
69998,SZKOŁA PODSTAWOWA IM. KSIĘDZA HENRYKA NOWACKIEGO W ADELINIE,2026,Zabrodzie,ul. Wł. St. Reymonta 47,Zabrodzie,Reymonta 47,ul wł st
70343,SZKOŁA PODSTAWOWA W SKIBNIEWIE,2026,Skibniew-Podawce,ul. Szkolna 8,Skibniew-Podawce,Szkolna 8,ul
70349,SZKOŁA PODSTAWOWA W GROCHOWIE,2026,Grochów Szlachecki,ul. Władysława Rawicza 1,Grochów Szlachecki,Rawicza 1,ul władysława
70435,SZKOŁA PODSTAWOWA NR 4 IM. ADAMA MICKIEWICZA W SIEDLCACH,2026,Siedlce,ul. 10 Lutego 18,Siedlce,Lutego 18,ul 10
70436,SZKOŁA PODSTAWOWA Z ODDZIAŁAMI INTEGRACYJNYMI NR 6 IM. WŁADYSŁAWA BRONIEWSKIEGO W SIEDLCACH,2026,Siedlce,ul. Henryka Sienkiewicza 49,Siedlce,Sienkiewicza 49,ul henryka
70439,SZKOŁA PODSTAWOWA NR 10 IM. KSIĘŻNEJ ALEKSANDRY OGIŃSKIEJ W SIEDLCACH,2026,Siedlce,ul. Mazurska 10,Siedlce,Mazurska 10,ul
70441,SZKOŁA PODSTAWOWA NR 11 IM. JANA PAWŁA II W SIEDLCACH,2026,Siedlce,ul. Wiśniowa 5,Siedlce,Wiśniowa 5,ul
70442,SZKOŁA PODSTAWOWA NR 12 IM. KORNELA MAKUSZYŃSKIEGO W SIEDLCACH,2026,Siedlce,ul. Unitów Podlaskich 16,Siedlce,Unitów Podlaskich 16,ul
70466,SZKOŁA PODSTAWOWA IM. KS. KAN. MARIANA LIPSKIEGO W OSUCHOWIE,2026,Osuchów,ul. Szkolna 1,Osuchów,Szkolna 1,ul
70560,SZKOŁA PODSTAWOWA W NOWEJ WSI,2026,Nowa Wieś,ul. Szkolna 2,Nowa Wieś,Szkolna 2,ul
70659,SZKOŁA PODSTAWOWA IM. JANA PAWŁA II W PAPROTNI,2026,Paprotnia,ul. Sochaczewska 10,Paprotnia,Sochaczewska 10,ul
70925,PUBLICZNA SZKOŁA PODSTAWOWA IM. KARDYNAŁA STEFANA WYSZYŃSKIEGO W GOCŁAWIU,2026,Gocław,ul. Szkolna 2,Gocław,Szkolna 2,ul
70973,SZKOŁA PODSTAWOWA IM. OBROŃCÓW OJCZYZNY W NOWYM MISZEWIE W ZESPOLE PLACÓWEK OŚWIATOWYCH W NOWYM MISZEWIE,2026,Nowe Miszewo,ul. Szkolna 2,Nowe Miszewo,Szkolna 2,ul
71511,SZKOŁA PODSTAWOWA NR2 IM.OBROŃCÓW WARSZAWY,2026,Ożarów Mazowiecki,ul. Lipowa 11,Ożarów Mazowiecki,Lipowa 11,ul
72105,SZKOŁA PODSTAWOWA IM. MARSZAŁKA JÓZEFA PIŁSUDSKIEGO,2026,Święcice,ul. Poznańska 541,Święcice,Poznańska 541,ul
72300,PUBLICZNA SZKOŁA PODSTAWOWA NR 29 Z ODDZIAŁAMI INTEGRACYJNYMI IM.WŁADYSŁAWA BRONIEWSKIEGO W RADOMIU,2026,Radom,ul. Ceglana 14,Radom,Ceglana 14,ul
72301,PUBLICZNA SZKOŁA PODSTAWOWA NR 31 IM. KARDYNAŁA STEFANA WYSZYŃSKIEGO W RADOMIU,2026,Radom,ul. Biała 6,Radom,Biała 6,ul
72894,SZKOŁA PODSTAWOWA NR1 IM. JANUSZA KUSOCINSKIEGO,2026,Ożarów Mazowiecki,ul. Szkolna 2,Ożarów Mazowiecki,Szkolna 2,ul
73093,PUBLICZNA SZKOŁA PODSTAWOWA NR 32 IM. MARSZAŁKA JÓZEFA PIŁSUDSKIEGO W RADOMIU,2026,Radom,ul. Prospera Jarzyńskiego 3,Radom,Jarzyńskiego 3,ul prospera
73167,PRYWATNA SZKOŁA PODSTAWOWA NR 72 SZKOŁA MARZEŃ,2026,Piaseczno,ul. Zielona 14,Piaseczno,Zielona 14,ul
73196,SZKOŁA PODSTAWOWA IM. OSKARA KOLBERGA W KARNIEWIE,2026,Karniewo,ul. Szkolna 9,Karniewo,Szkolna 9,ul
73489,PUBLICZNA SZKOŁA PODSTAWOWA NR 33 IM. KAWALERÓW ORDERU UŚMIECHU W RADOMIU,2026,Radom,ul. Oskara Kolberga 5,Radom,Kolberga 5,ul oskara
73702,PUBLICZNA SZKOŁA PODSTAWOWA NR 34 W RADOMIU,2026,Radom,ul. Miła 18,Radom,Miła 18,ul
74675,SZKOŁA PODSTAWOWA NR 4 Z ODDZIAŁAMI INTEGRACYJNYMI IM. JANUSZA KORCZAKA,2026,Sochaczew,ul. Stanisława Staszica 25,Sochaczew,Staszica 25,ul stanisława
74873,SZKOŁA PODSTAWOWA IM.ZYGMUNTA KRASIŃSKIEGO W OPINOGÓRZE GÓRNEJ,2026,Opinogóra Górna,ul. Zygmunta Krasińskiego 25,Opinogóra Górna,Krasińskiego 25,ul zygmunta
74875,SZKOŁA PODSTAWOWA IM. MARII KONOPNICKIEJ W KOŁACZKOWIE,2026,Kołaczków,ul. Szkolna 2,Kołaczków,Szkolna 2,ul
74888,SZKOŁA PODSTAWOWA NR 4 IM. WŁADYSŁAWA BRONIEWSKIEGO W WARSZAWIE,2026,Warszawa,ul. Walerego Sławka 9,Warszawa,Sławka 9,ul walerego
74989,SZKOŁA PODSTAWOWA NR 11 IM. ŻOŁNIERZY I DYWIZJI KOŚCIUSZKOWSKIEJ W WARSZAWIE,2026,Warszawa,ul. Mariana Keniga 20,Warszawa,Keniga 20,ul mariana
75025,SZKOŁA PODSTAWOWA Z ODDZIAŁAMI INTEGRACYJNYMI NR 14 IM. BOHATERÓW WARSZAWY W WARSZAWIE,2026,Warszawa,ul. gen. Kazimierza Sosnkowskiego 10,Warszawa,Sosnkowskiego 10,ul gen kazimierza
75057,PUBLICZNA SZKOŁA PODSTAWOWA IM. H.SIENKIEWICZA W GRĘBKOWIE,2026,Grębków,ul. Szkolna 1,Grębków,Szkolna 1,ul
75513,SZKOŁA PODSTAWOWA IM. FRYDERYKA CHOPINA W ROŚCISZEWIE,2026,Rościszewo,ul. Władysława Reymonta 4,Rościszewo,Reymonta 4,ul władysława
75736,SZKOŁA PODSTAWOWA W NOWYM MIEŚCIE,2026,Nowe Miasto,ul. Ciechanowska 15,Nowe Miasto,Ciechanowska 15,ul
77603,SZKOŁA PODSTAWOWA IM. JANUSZA KUSOCIŃSKIEGO W SOWIEJ WOLI,2026,Sowia Wola,ul. Szkolna 108,Sowia Wola,Szkolna 108,ul
77607,PUBLICZNA SZKOŁA PODSTAWOWA IM. H. SIENKIEWICZA W PILAWIE,2026,Pilawa,ul. Leśna 6,Pilawa,Leśna 6,ul
77944,SZKOŁA PODSTAWOWA NR 1 IM. J. PIŁSUDSKIEGO,2026,Pruszków,ul. Topolowa 10,Pruszków,Topolowa 10,ul
78020,SZKOŁA PODSTAWOWA NR 21 IM. FRYDERYKA CHOPINA W PŁOCKU,2026,Płock,ul. Fryderyka Chopina 62,Płock,Chopina 62,ul fryderyka
78209,SZKOŁA PODSTAWOWA NR 2 IM.K. MAKUSZYŃSKIEGO,2026,Pruszków,ul. Jasna 2,Pruszków,Jasna 2,ul
79156,SZKOŁA PODSTAWOWA NR 9 IM. MARII SKŁODOWSKIEJ-CURIE,2026,Pruszków,ul. Mostowa 6,Pruszków,Mostowa 6,ul
79701,SZKOŁA PODSTAWOWA NR 1 IM. WŁADYSŁAWA REYMONTA W OTWOCKU,2026,Otwock,ul. Karczewska 14/16,Otwock,Karczewska 14/16,ul
79702,SZKOŁA PODSTAWOWA IM.MARSZ. J. PIŁSUDSKIEGO W IŁŻY,2026,Iłża,ul. Wójtowska 5,Iłża,Wójtowska 5,ul
79704,SZKOŁA PODSTAWOWA NR 5 Z ODDZIAŁAMI INTEGRACYJNYMI IM. JADWIGI KORCZAKOWSKIEJ,2026,Otwock,ul. Juliusza Słowackiego 66,Otwock,Słowackiego 66,ul juliusza
79708,SZKOŁA PODSTAWOWA NR 8 IM.GEN.JULIANA FILIPOWICZA W OTWOCKU,2026,Otwock,ul. Stefana Żeromskiego 235,Otwock,Żeromskiego 235,ul stefana
79709,SZKOŁA PODSTAWOWA NR 12 IM.KORNELA MAKUSZYŃSKIEGO W OTWOCKU,2026,Otwock,ul. Michała Andriollego 76,Otwock,Andriollego 76,ul michała
79862,SZKOŁA PODSTAWOWA W LIPNIKACH,2026,Lipniki,ul. Ks.Kan.E.Sierbińskiego 30,Lipniki,Ks.Kan.E.Sierbińskiego 30,ul
80143,SZKOŁA PODSTAWOWA IM. STEFANA KARDYNAŁA WYSZYŃSKIEGO W KOSOWIE LACKIM,2026,Kosów Lacki,ul. Armii Krajowej 6,Kosów Lacki,Armii Krajowej 6,ul
80253,"""WONDERFUL YEARS SCHOOL"" PRYWATNA SZKOŁA PODSTAWOWA",2026,Warszawa,ul. Egipska 7,Warszawa,Egipska 7,ul
80377,SZKOŁA PODSTAWOWA IM 49PP W SZYDŁOWIE,2026,Szydłowo,ul. Szkolna 2,Szydłowo,Szkolna 2,ul
80397,SZKOŁA PODSTAWOWA NR 3 IM. DZIECI POWSTANIA WARSZAWSKIEGO,2026,Warszawa,ul. Gościniec 53,Warszawa,Gościniec 53,ul
80679,PUBLICZNA SZKOŁA PODSTAWOWA NR 1 Z ODDZIAŁAMI DWUJĘZYCZNYMI IM. JANUSZA KUSOCIŃSKIEGO W SOKOŁOWIE PODLASKIM,2026,Sokołów Podlaski,ul. Polna 8,Sokołów Podlaski,Polna 8,ul
80680,PUBLICZNA SZKOŁA PODSTAWOWA NR 4 IM. KS. GEN. STANISŁAWA BRZÓSKI W SOKOŁOWIE PODLASKIM,2026,Sokołów Podlaski,ul. Kupientyńska 15,Sokołów Podlaski,Kupientyńska 15,ul
80943,SZKOŁA PODSTAWOWA IM. MAJORA HENRYKA SUCHARSKIEGO W SIEMIĄTKOWIE,2026,Siemiątkowo,ul. Warszawska 3a,Siemiątkowo,Warszawska 3a,ul
81099,SZKOŁA PODSTAWOWA IM. HENRYKA SIENKIEWICZA W KORYTNICY,2026,Korytnica,ul. Henryka Sienkiewicza 14,Korytnica,Sienkiewicza 14,ul henryka
81165,SZKOŁA PODSTAWOWA INTEGRACYJNA NR 339 IM. RAOULA WALLENBERGA,2026,Warszawa,ul. św. Bonifacego 10,Warszawa,Bonifacego 10,ul św
81173,SZKOŁA PODSTAWOWA NR 2 IM. STEFANA STARZYŃSKIEGO W NASIELSKU,2026,Nasielsk,ul. Tadeusza Kościuszki 21,Nasielsk,Kościuszki 21,ul tadeusza
81228,SZKOŁA PODSTAWOWA IM. WŁADYSŁAWA BRONIEWSKIEGO W OLSZEWIE-BORKACH,2026,Olszewo-Borki,ul. Władysława Broniewskiego 17,Olszewo-Borki,Broniewskiego 17,ul władysława
81251,SZKOŁA PODSTAWOWA IM. P. J. GOŁASZEWSKIEGO W GOŁYMINIE-OŚRODKU,2026,Gołymin-Ośrodek,ul. ks. Michalaka 10C,Gołymin-Ośrodek,Michalaka 10C,ul ks
81330,SZKOŁA PODSTAWOWA IM. POW W OSTRÓWKU,2026,Ostrówek,ul. Warszawska 2,Ostrówek,Warszawska 2,ul
81332,SZKOŁA PODSTAWOWA IM.GEN.DYW.FRANCISZKA ŻYMIRSKIEGO W KLEMBOWIE,2026,Klembów,ul. gen. Franciszka Żymirskiego 68,Klembów,Żymirskiego 68,ul gen franciszka
81390,SZKOŁA PODSTAWOWA NR 1 IM. KSIĘDZA ANTONIEGO PĘKSY,2026,Laskowiec,ul. Długa 90,Laskowiec,Długa 90,ul
81716,ZESPÓŁ SZKÓŁ NR 1 SZKOŁA PODSTAWOWA NR 1 W ŁOSICACH,2026,Łosice,ul. Szkolna 3,Łosice,Szkolna 3,ul
81771,SZKOŁA PODSTAWOWA IM. ŚW. FRANCISZKA,2026,Warszawa,ul. Teresińska 9,Warszawa,Teresińska 9,ul
82336,PUBLICZNA SZKOŁA PODSTAWOWA Z ODDZIAŁAMI SPORTOWYMI NR 3 IM. KAROLA WOJTYŁY W KOBYŁCE,2026,Kobyłka,ul. ks. Marcina Załuskiego 57,Kobyłka,Załuskiego 57,ul ks marcina
82655,SZKOŁA PODSTAWOWA NR 1 IM. PIOTRA WYSOCKIEGO W WARCE,2026,Warka,ul. Warszawska 24,Warka,Warszawska 24,ul
82661,PUBLICZNA SZKOŁA PODSTAWOWA NR 2 Z ODDZIAŁAMI INTEGRACYJNYMI IM. KAZIMIERZA PUŁASKIEGO W WARCE,2026,Warka,ul. Polna 17,Warka,Polna 17,ul
82701,SZKOŁA PODSTAWOWA IM. MARII KONOPNICKIEJ W ZABRODZIU,2026,Zabrodzie,ul. Szkolna 3,Zabrodzie,Szkolna 3,ul
82709,SPOŁECZNA SZKOŁA PODSTAWOWA NR 1 IM. JANA NOWAKA-JEZIORAŃSKIEGO,2026,Warszawa,ul. Nowoursynowska 139 U,Warszawa,Nowoursynowska 139 U,ul
82710,SPOŁECZNA SZKOŁA PODSTAWOWA NR 11 SPOŁECZNEGO TOWARZYSTWA OŚWIATOWEGO,2026,Warszawa,ul. Toruńska 23,Warszawa,Toruńska 23,ul
83229,SZKOŁA PODSTAWOWA IM. C.K. NORWIDA W DĘBINKACH,2026,Dębinki,ul. C. K. Norwida 26,Dębinki,Norwida 26,ul c k
83381,PUBLICZNA SZKOŁA PODSTAWOWA IM. HENRYKA SIENKIEWICZA W SIENNICY,2026,Siennica,ul. Latowicka 16,Siennica,Latowicka 16,ul
83672,SZKOŁA PODSTAWOWA NR 124 IM. STANISŁAWA JACHOWICZA,2026,Warszawa,ul. Bartoszycka 45/47,Warszawa,Bartoszycka 45/47,ul
83750,SZKOŁA PODSTAWOWA SPORTOWA NR 272 IM. EUGENIUSZA LOKAJSKIEGO,2026,Warszawa,ul. Piaseczyńska 114/116,Warszawa,Piaseczyńska 114/116,ul
83774,SZKOŁA PODSTAWOWA IM. C.K. NORWIDA,2026,Dąbrówka,ul. Tadeusza Kościuszki 20,Dąbrówka,Kościuszki 20,ul tadeusza
83818,PUBLICZNA SZKOŁA PODSTAWOWA IM. ADELI GOSZCZYŃSKIEJ WE WSZEBORACH,2026,Wszebory,ul. Trakt Napoleoński 45,Wszebory,Trakt Napoleoński 45,ul
83973,SZKOŁA PODSTAWOWA IM. WSPÓLNEJ EUROPY W ZALESIU GÓRNYM,2026,Zalesie Górne,ul. Sarenki 20,Zalesie Górne,Sarenki 20,ul
84069,SZKOŁA PODSTAWOWA IM. WŁODZIMIERZA POTOCKIEGO W SĘKOCINIE,2026,Słomin,ul. Wierzbowa 5,Słomin,Wierzbowa 5,ul
84225,SZKOŁA PODSTAWOWA IM. WITOLDA DOROSZEWSKIEGO W NADARZYNIE,2026,Nadarzyn,ul. Sitarskich 4,Nadarzyn,Sitarskich 4,ul
84352,SZKOŁA PODSTAWOWA NR 8 IM. W. BRONIEWSKIEGO,2026,Pruszków,ul. Obrońców Pokoju 44,Pruszków,Obrońców Pokoju 44,ul
84354,SZKOŁA PODSTAWOWA NR 6 IM. H. SIENKIEWICZA,2026,Pruszków,ul. Lipowa 31,Pruszków,Lipowa 31,ul
84510,SZKOŁA PODSTAWOWA IM. JANUSZA KORCZAKA W JÓZEFOSŁAWIU,2026,Józefosław,ul. Kameralna 11,Józefosław,Kameralna 11,ul
84613,SZKOŁA PODSTAWOWA IM. 28 PUŁKU STRZELCÓW KANIOWSKICH W WÓLCE RADZYMIŃSKIEJ,2026,Wólka Radzymińska,ul. Szkolna 79,Wólka Radzymińska,Szkolna 79,ul
84898,SZKOŁA PODSTAWOWA NR 3 IM. BOLESŁAWA KRZYWOUSTEGO,2026,Sochaczew,ul. Prezydenta Ryszarda Kaczorowskiego 5,Sochaczew,Kaczorowskiego 5,ul prezydenta ryszarda
85025,SZKOŁA PODSTAWOWA IM. JANA PAWŁA II W MISTOWIE,2026,Mistów,ul. Szkolna 3,Mistów,Szkolna 3,ul
85210,"POLSKO-FRANCUSKA NIEPUBLICZNA SZKOŁA PODSTAWOWA ""LA FONTAINE""",2026,Warszawa,ul. Wandy Rutkiewicz 2,Warszawa,Rutkiewicz 2,ul wandy
85526,SZKOŁA PODSTAWOWA IM. MIECZYSŁAWA FOGGA W ZŁOTOKŁOSIE,2026,Złotokłos,ul. Traugutta 10,Złotokłos,Traugutta 10,ul
85552,SZKOŁA PODSTAWOWA IM. MARII KONOPNICKIEJ W GĄBINIE,2026,Gąbin,ul. Aleja Jana Pawła II 16,Gąbin,Aleja Jana Pawła II 16,ul
85706,SZKOŁA PODSTAWOWA NR 2 IM.EWY KRAUZE W PIASECZNIE,2026,Piaseczno,ul. Aleja Kasztanów 12,Piaseczno,Aleja Kasztanów 12,ul
85798,PUBLICZNA SZKOŁA PODSTAWOWA W SOLCU NAD WISŁĄ,2026,Solec nad Wisłą,ul. Tadeusza Kościuszki 20,Solec nad Wisłą,Kościuszki 20,ul tadeusza
85817,SZKOŁA PODSTAWOWA IM. ARMII KRAJOWEJ W JABŁONNIE,2026,Jabłonna,ul. Szkolna 2,Jabłonna,Szkolna 2,ul
86245,SZKOŁA PODSTAWOWA IM. JANINY SIEKLICKIEJ W CZERNICACH BOROWYCH,2026,Czernice Borowe,ul. 21 Pułku Piechoty Dzieci Warszawy 10,Czernice Borowe,Pułku Piechoty Dzieci Warszawy 10,ul 21
86336,SAMORZĄDOWA SZKOŁA PODSTAWOWA IM. ANDRZEJA ZAMOYSKIEGO W BIEŻUNIU,2026,Bieżuń,ul. Stefana Gołębiowskiego 1,Bieżuń,Gołębiowskiego 1,ul stefana
86472,SZKOŁA PODSTAWOWA W SZEWNICY,2026,Szewnica,ul. Kościelna 28,Szewnica,Kościelna 28,ul
86657,SZKOŁA PODSTAWOWA NR 10 IM. M. KONOPNICKIEJ,2026,Pruszków,ul. Pływacka 16,Pruszków,Pływacka 16,ul
86863,OGÓLNOKSZTAŁCACA SZKOŁA MUZYCZNA I STOPNIA W ZESPOLE SZKÓŁ MUZYCZNYCH IM. OSKARA KOLBERGA,2026,Radom,ul. 25 Czerwca 70,Radom,Czerwca 70,ul 25
86924,SZKOŁA PODSTAWOWA IM. MARII KONOPNICKIEJ W NURZE,2026,Nur,ul. Łomżyńska 14,Nur,Łomżyńska 14,ul
86936,SZKOŁA PODSTAWOWA NR 7 IM. VII OBWODU ''OBROŻA''AK W LEGIONOWIE,2026,Legionowo,ul. Królowej Jadwigi 7,Legionowo,Jadwigi 7,ul królowej
87205,SZKOŁA PODSTAWOWA NR 172 IM. POLSKIEJ ORGANIZACJI WOJSKOWEJ,2026,Warszawa,ul. Brata Alberta 46,Warszawa,Alberta 46,ul brata
87222,SZKOŁA PODSTAWOWA IM. BOHATERÓW AKCJI V 2 W SARNAKACH,2026,Sarnaki,ul. 3 Maja 27,Sarnaki,Maja 27,ul 3
87257,SAMORZĄDOWA SZKOŁA PODSTAWOWA W LIWIE IM. STEFANA BATOREGO,2026,Liw,ul. ks. K. R. Leszczyńskiego 2,Liw,Leszczyńskiego 2,ul ks k r
87268,SAMORZĄDOWA SZKOŁA PODSTAWOWA W LUTOCINIE,2026,Lutocin,ul. Szkolna 14,Lutocin,Szkolna 14,ul
87339,PUBLICZNA SZKOŁA PODSTAWOWA IM.KARDYNAŁA STEFANA WYSZYŃSKIEGO W MAKOWCU,2026,Makowiec,ul. Kościelna 2,Makowiec,Kościelna 2,ul
87350,SZKOŁA PODSTAWOWA,2026,Grudusk,ul. Szkolna 2,Grudusk,Szkolna 2,ul
87608,SZKOŁA PODSTAWOWA IM. CYPRIANA KAMILA NORWIDA W ZAKRĘCIE,2026,Zakręt,ul. Szkolna 11,Zakręt,Szkolna 11,ul
87765,SZKOŁA PODSTAWOWA IM. KARDYNAŁA STEFANA WYSZYŃSKIEGO W CZERWINIE,2026,Czerwin,ul. Piastowska 23A,Czerwin,Piastowska 23A,ul
87771,PUBLICZNA SZKOŁA PODSTAWOWA Z ODDZIAŁAMI INTEGRCYJNYMI NR 2 IM. BOHATERÓW BITWY OSSOWSKIEJ W KOBYŁCE,2026,Kobyłka,ul. Elizy Orzeszkowej 3/5,Kobyłka,Orzeszkowej 3/5,ul elizy
87838,SZKOŁA PODSTAWOWA W MICHAŁOWICACH IM. JANA PAWŁA II,2026,Michałowice,ul. Szkolna 15,Michałowice,Szkolna 15,ul
87971,PRYWATNA SZKOŁA PODSTAWOWA IM. ZOFII I JĘDRZEJA MORACZEWSKICH,2026,Sulejówek,ul. Żeromskiego 18,Sulejówek,Żeromskiego 18,ul
88027,PUBLICZNA SZKOŁA PODSTAWOWA NR 19 IM. EDMUNDA BAKALARZA W RADOMIU,2026,Radom,ul. Energetyków 10,Radom,Energetyków 10,ul
88028,PUBLICZNA SZKOŁA PODSTAWOWA NR 18 IM. KOMISJI EDUKACJI NARODOWEJ W RADOMIU,2026,Radom,ul. Ofiar Firleja 14,Radom,Ofiar Firleja 14,ul
88214,SZKOŁA PODSTAWOWA Z ODDZIAŁAMI INTEGRACYJNYMI NR 189 IM. MARSZAŁAKA JÓZEFA PIŁSUDSKIEGO,2026,Warszawa,ul. Dwóch Mieczy 5,Warszawa,Dwóch Mieczy 5,ul
88341,SZKOŁA PODSTAWOWA IM. OJCA ŚWIĘTEGO JANA PAWŁA II W BOGUTACH-PIANKACH,2026,Boguty-Pianki,ul. Aleja Papieża Jana Pawła II 62,Boguty-Pianki,Aleja Papieża Jana Pawła II 62,ul
88349,SZKOŁA PODSTAWOWA IM. POLSKICH OLIMPIJCZYKÓW W MYSIADLE,2026,Mysiadło,ul. Kwiatowa 28,Mysiadło,Kwiatowa 28,ul
88448,PUBLICZNA SZKOŁA PODSTAWOWA NR 2 IM. JANA PAWŁA II W SZYDŁOWCU,2026,Szydłowiec,ul. Wschodnia 57,Szydłowiec,Wschodnia 57,ul
88601,NIEPUBLICZNA INTEGRACYJNA SZKOŁA PODSTAWOWA,2026,Mysiadło,ul. Krótka 11,Mysiadło,Krótka 11,ul
89281,SZKOŁA PODSTAWOWA W NOWEJ WSI,2026,Nowa Wieś,ul. Szkolna 1A,Nowa Wieś,Szkolna 1A,ul
89315,SZKOŁA PODSTAWOWA W SOŃSKU,2026,Sońsk,ul. Szkolna 4,Sońsk,Szkolna 4,ul
89657,SZKOŁA PODSTAWOWA NR 8 IM. 1 WARSZAWSKIEJ DYWIZJI PIECHOTY W LEGIONOWIE,2026,Legionowo,ul. Zegrzyńska 3,Legionowo,Zegrzyńska 3,ul
89918,SZKOŁA PODSTAWOWA W CISIU,2026,Cisie,ul. Mostowa 61,Cisie,Mostowa 61,ul
90151,SZKOŁA PODSTAWOWA IM. MIKOŁAJA KOPERNIKA W CIEKSYNIE,2026,Cieksyn,ul. Marszałka Józefa Piłsudskiego 43,Cieksyn,Piłsudskiego 43,ul marszałka józefa
90153,SZKOŁA PODSTAWOWA IM. KSIĘCIA JÓZEFA PONIATOWSKIEGO W STARYCH PIEŚCIROGACH,2026,Stare Pieścirogi,ul. Kolejowa 65,Stare Pieścirogi,Kolejowa 65,ul
90166,SZKOŁA PODSTAWOWA IM. POWSTAŃCZYCH ODDZIAŁÓW SPECJALNYCH AK JERZYKI W ŁOMNIE,2026,Łomna,ul. Jana Kochanowskiego 89,Łomna,Kochanowskiego 89,ul jana
90287,PUBLICZNA SZKOŁA PODSTAWOWA IM.DR.M.PAPUZIŃSKIEGO W CIEPIELOWIE,2026,Ciepielów,ul. Lekarska 1,Ciepielów,Lekarska 1,ul
90551,SPOŁECZNA SZKOŁA PODSTAWOWA Z ODDZIAŁAMI DWUJĘZYCZNYMI NR 35 IM. NOBLISTÓW POLSKICH SPOŁECZNEGO TOWARZYSTAWA OŚWIATOWEGO W LEGIONOWIE,2026,Legionowo,ul. Targowa 22,Legionowo,Targowa 22,ul
90565,SZKOŁA PODSTAWOWA NR1 IM. WŁADYSŁAWA BRONIEWSKIEGO,2026,Maków Mazowiecki,ul. Sportowa 9,Maków Mazowiecki,Sportowa 9,ul
90566,SZKOŁA PODSTAWOWA NR 2 IM. JANA KOCHANOWSKIEGO,2026,Maków Mazowiecki,ul. Generała Pułaskiego 15,Maków Mazowiecki,Pułaskiego 15,ul generała
90919,SZKOŁA PODSTAWOWA NR 3 IM. JANUSZA KUSOCIŃSKIEGO W LEGIONOWIE,2026,Legionowo,ul. Władysława Broniewskiego 7,Legionowo,Broniewskiego 7,ul władysława
91247,SZKOŁA PODSTAWOWA NR 4 IM. LEGIONÓW POLSKICH 1914-1918 W LEGIONOWIE,2026,Legionowo,ul. Jana Pawła I 2,Legionowo,Jana Pawła I 2,ul
91896,SZKOŁA PODSTAWOWA W ZESPOLE SZKÓŁ IM. KARDYNAŁA STEFANA WYSZYŃSKIEGO W LELISIE,2026,Lelis,ul. Szkolna 51 A,Lelis,Szkolna 51 A,ul
91955,PUBLICZNA SZKOŁA PODSTAWOWA IM. JANA PAWŁA II W BELSKU DUŻYM,2026,Belsk Duży,ul. Szkolna 3,Belsk Duży,Szkolna 3,ul
92273,SZKOŁA PODSTAWOWA IM. GEN. STANISŁAWA GRZMOTA-SKOTNICKIEGO W MŁODZIESZYNIE,2026,Młodzieszyn,ul. Wspólna 13A,Młodzieszyn,Wspólna 13A,ul
92305,PUBLICZNA SZKOŁA PODSTAWOWA NR 1 IM. STEFANA ŻEROMSKIEGO W PIONKACH,2026,Pionki,ul. Niepodległości 3,Pionki,Niepodległości 3,ul
92306,PUBLICZNA SZKOŁA PODSTAWOWA NR 2 IM. BOLESŁAWA PRUSA W PIONKACH,2026,Pionki,ul. Jana Kochanowskiego 12,Pionki,Kochanowskiego 12,ul jana
92307,PUBLICZNA SZKOŁA PODSTAWOWA Z ODDZIAŁAMI INTEGRACYJNYMI I SPORTOWYMI NR 5 IM. JANA PAWŁA II W PIONKACH,2026,Pionki,ul. Targowa 9,Pionki,Targowa 9,ul
92385,SZKOŁA PODSTAWOWA NR 107 IM. BRONISŁAWA MALINOWSKIEGO,2026,Warszawa,ul. Nowoursynowska 210/212,Warszawa,Nowoursynowska 210/212,ul
92416,PUBLICZNA SZKOŁA PODSTAWOWA IM. PROF. IGNACEGO MOŚCICKIEGO W WINNICY,2026,Winnica,ul. Pułtuska 19,Winnica,Pułtuska 19,ul
92452,SZKOŁA PODSTAWOWA NR 1,2026,Konstancin-Jeziorna,ul. Wojewódzka 12,Konstancin-Jeziorna,Wojewódzka 12,ul
92493,PUBLICZNA SZKOŁA PODSTAWOWA IM.JANA PAWŁA II W GRABOWCU,2026,Grabowiec,ul. Wąchocka 20,Grabowiec,Wąchocka 20,ul
92508,SZKOŁA PODSTAWOWA IM. MARSZAŁKA JÓZEFA PIŁSUDSKIEGO W DROBINIE,2026,Drobin,ul. Szkolna 3,Drobin,Szkolna 3,ul
92770,SZKOŁA PODSTAWOWA Z ODDZIAŁAMI INTEGRACYJNYMI IM. BOHATERSKICH LOTNIKÓW POLSKICH W WIĄZOWNIE,2026,Wiązowna,ul. Kościelna 20,Wiązowna,Kościelna 20,ul
93048,NIEPUBLICZNA SZKOŁA PODSTAWOWA IM. JANA PAWŁA II,2026,Legionowo,ul. marsz. Józefa Piłsudskiego 47,Legionowo,Piłsudskiego 47,ul marsz józefa
93122,SZKOŁA PODSTAWOWA IM.BOHATERÓW WARSZAWY,2026,Podkowa Leśna,ul. Jana Pawła II 20,Podkowa Leśna,Jana Pawła II 20,ul
103362,NO BELL SZKOŁA PODSTAWOWA MONTESSORI,2026,Konstancin-Jeziorna,ul. Mirkowska 39 B,Konstancin-Jeziorna,Mirkowska 39 B,ul
103371,SZKOŁA PODSTAWOWA NR 4,2026,Słomczyn,ul. Wilanowska 218,Słomczyn,Wilanowska 218,ul
103378,PUBLICZNA SZKOŁA PODSTAWOWA IM. JANA KOCHANOWSKIEGO W POLICZNIE,2026,Policzna,ul. Stefana Żeromskiego 44,Policzna,Żeromskiego 44,ul stefana
103425,SPOŁECZNA SZKOŁA PODSTAWOWA NR 96 IM.ŚWIĘTEJ RODZINY,2026,Otwock,ul. Hugona Kołłątaja 80/82,Otwock,Kołłątaja 80/82,ul hugona
103430,ZESPÓŁ OŚWIATOWY W WIŚNIEWIE SZKOŁA PODSTAWOWA IM. BOLESŁAWA CHROBREGO W WIŚNIEWIE,2026,Wiśniew,ul. Tadeusza Kościuszki 54,Wiśniew,Kościuszki 54,ul tadeusza
103611,SZKOŁA PODSTAWOWA IM. ORŁA BIAŁEGO W JAKUBOWIE,2026,Jakubów,ul. Szkolna 10,Jakubów,Szkolna 10,ul
103625,SZKOŁA PODSTAWOWA IM. 11 LISTOPADA W ŻÓŁWINIE,2026,Żółwin,ul. Szkolna 39,Żółwin,Szkolna 39,ul
103627,SZKOŁA PODSTAWOWA IM. WŁODZIMIERZA PUCHALSKIEGO W OTRĘBUSACH,2026,Otrębusy,ul. dr. Mariana Piaseckiego 2,Otrębusy,Piaseckiego 2,ul dr mariana
103714,PUBLICZNA SZKOŁA PODSTAWOWA IM. BITWY WARSZAWSKIEJ 1920 ROKU,2026,Józefów,ul. Kościelna 2,Józefów,Kościelna 2,ul
103742,SZKOŁA PODSTAWOWA W NOWEJ IWICZNEJ,2026,Nowa Iwiczna,ul. Ignacego Krasickiego 56,Nowa Iwiczna,Krasickiego 56,ul ignacego
103820,SZKOŁA PODSTAWOWA NR 174,2026,Warszawa,ul. Barska 4,Warszawa,Barska 4,ul
103940,SZKOŁA PODSTAWOWA NR 254 IM. GEN FRANCISZKA ŻYMIRSKIEGO W ZESPOLE SZKÓŁ NR 74,2026,Warszawa,ul. Niepołomicka 26,Warszawa,Niepołomicka 26,ul
103954,SZKOŁA PODSTAWOWA NR 2 IM. ROMUALDA TRAUGUTTA,2026,Józefów,ul. Graniczna 26,Józefów,Graniczna 26,ul
104125,PUBLICZNA SZKOŁA PODSTAWOWA IM. KAZIMIERZA STEFANOWICZA W MYSZYŃCU,2026,Myszyniec,ul. Dzieci Polskich 1,Myszyniec,Dzieci Polskich 1,ul
104462,SZKOŁA PODSTAWOWA W NADBRZEŻU,2026,Nadbrzeż,ul. Szkolna 4,Nadbrzeż,Szkolna 4,ul
104543,SZKOŁA PODSTAWOWA NR 2 IM. JAROSŁAWA IWASZKIEWICZA W ZESPOLE SZKÓŁ OGÓLNOKSZTAŁCĄCYCH W BRWINOWIE,2026,Brwinów,ul. Żwirowa 16,Brwinów,Żwirowa 16,ul
104622,SZKOŁA PODSTAWOWA IM. ŻOŁNIERZY POLSKICH SPOD MONTE CASSINO W GRABOWIE NAD PILICĄ,2026,Grabów nad Pilicą,ul. Parkowa 4,Grabów nad Pilicą,Parkowa 4,ul
104967,SZKOŁA PODSTAWOWA IM. JANUSZA KORCZAKA W URLACH,2026,Urle,ul. Żwirki i Wigury 4,Urle,Żwirki i Wigury 4,ul
105183,PUBLICZNA SZKOŁA PODSTAWOWA W KORCZEWIE,2026,Korczew,ul. Szkolna 4,Korczew,Szkolna 4,ul
105293,SZKOŁA PODSTAWOWA SPECJALNA NR 39,2026,Warszawa,ul. Trakt Lubelski 40,Warszawa,Trakt Lubelski 40,ul
105299,SZKOŁA PODSTAWOWA SPECJALNA NR 348 W MŁODZIEŻOWYM OŚRODKU SOCJOTERAPII NR 7,2026,Warszawa,ul. Osowska 81,Warszawa,Osowska 81,ul
105302,SZKOŁA PODSTAWOWA SPECJALNA NR 349 W MŁODZIEŻOWYM OŚRODKU SOCJOTERAPII NR 8,2026,Warszawa,ul. Podmokła 4,Warszawa,Podmokła 4,ul
105442,SZKOŁA PODSTAWOWA IM. PIOTRA SĘKOWSKIEGO W NACPOLSKU,2026,Nacpolsk,ul. Szkolna 18,Nacpolsk,Szkolna 18,ul
105466,PUBLICZNA SZKOŁA PODSTAWOWA W ZAJEZIERZU,2026,Zajezierze,ul. 28 Pułku Artylerii Lekkiej 18,Zajezierze,Pułku Artylerii Lekkiej 18,ul 28
105551,SZKOŁA PODSTAWOWA W JADOWIE,2026,Jadów,ul. 11 Listopada 15/17,Jadów,Listopada 15/17,ul 11
106087,SZKOŁA PODSTAWOWA IM. MARII KONOPNICKIEJ W MROKOWIE,2026,Mroków,ul. Marii Świątkiewicz 2a,Mroków,Świątkiewicz 2a,ul marii
106219,PUBLICZNA SZKOŁA PODSTAWOWA IM. ADAMA CHĘTNIKA W JEDNOROŻCU,2026,Jednorożec,ul. Odrodzenia 13,Jednorożec,Odrodzenia 13,ul
106238,SPOŁECZNA SZKOŁA PODSTAWOWA SPOŁECZNEGO TOWARZYSTWA OŚWIATOWEGO IM. KS. JANA TWARDOWSKIEGO W OSTROŁĘCE,2026,Ostrołęka,ul. Koszarowa 3,Ostrołęka,Koszarowa 3,ul
106550,SZKOŁA PODSTAWOWA IM. JANA PAWŁA II W ZIELUNIU,2026,Zieluń-Osada,ul. Szkolna 7,Zieluń-Osada,Szkolna 7,ul
106555,SZKOŁA PODSTAWOWA W LUBOWIDZU,2026,Lubowidz,ul. Jana Pawła II 46 a,Lubowidz,Jana Pawła II 46 a,ul
106708,SZKOŁA PODSTAWOWA IM. ADAMA MICKIEWICZA,2026,Kuczbork-Osada,ul. Adama Mickiewicza 6,Kuczbork-Osada,Mickiewicza 6,ul adama
106712,SZKOŁA PODSTAWOWA IM. JANA PAWŁA II,2026,Zielona,ul. Szkolna 2,Zielona,Szkolna 2,ul
106900,SZKOŁA PODSTAWOWA IM. WINCENTEGO WITOSA W GLINIANCE,2026,Glinianka,ul. Napoleońska 1,Glinianka,Napoleońska 1,ul
107323,SZKOŁA PODSTAWOWA IM KARDYNAŁA STEFANA WYSZYŃSKIEGO W SZULBORZU WIELKIM,2026,Szulborze Wielkie,ul. Szarych Szeregów 1,Szulborze Wielkie,Szarych Szeregów 1,ul
107387,SZKOŁA PODSTAWOWA W LESZNOWOLI,2026,Lesznowola,ul. Szkolna 6,Lesznowola,Szkolna 6,ul
107594,SZKOŁA PODSTAWOWA IM . JANA PAWŁA II W BARANOWIE,2026,Baranowo,ul. Niepodległości 27,Baranowo,Niepodległości 27,ul
107672,SZKOŁA PODSTAWOWA IM. ORŁA BIAŁEGO W PAPROTNI,2026,Paprotnia,ul. Jana Pawła II 5,Paprotnia,Jana Pawła II 5,ul
107687,SZKOŁA PODSTAWOWA,2026,Hołubla,ul. Unitów Podlaskich 35,Hołubla,Unitów Podlaskich 35,ul
109089,SZKOŁA PODSTAWOWA IM. WINCENTEGO HIPOLITA GAWARECKIEGO W MAŁEJ WSI,2026,Mała Wieś,ul. Jana Kochanowskiego 1 7,Mała Wieś,Kochanowskiego 1 7,ul jana
109376,SZKOŁA PODSTAWOWA IM. WŁADYSŁAWA JAGIEŁŁY W CZERWIŃSKU NAD WISŁĄ,2026,Czerwińsk nad Wisłą,ul. Warszawska 1,Czerwińsk nad Wisłą,Warszawska 1,ul
109555,SZKOŁA PODSTAWOWA MAGNUSZEW,2026,Magnuszew,ul. Bohaterów Września 10,Magnuszew,Bohaterów Września 10,ul
109927,SZKOŁA PODSTAWOWA IM. HENRYKA SIENKIEWICZA W STANISŁAWOWIE,2026,Stanisławów,ul. Szkolna 4,Stanisławów,Szkolna 4,ul
109928,SZKOŁA PODSTAWOWA IM. K.K. BACZYŃSKIEGO W ŁADZYNIU,2026,Ładzyń,ul. Szkolna 4,Ładzyń,Szkolna 4,ul
110104,BRYTYJSKA SZKOŁA PODSTAWOWA THE BRITISH SCHOOL NR 91 W WARSZAWIE,2026,Warszawa,ul. Bolesława Limanowskiego 15,Warszawa,Limanowskiego 15,ul bolesława
110219,SZKOŁA PODSTAWOWA IM. KS. W. LEWANDOWSKIEGO,2026,Seroczyn,ul. Siedlecka 11,Seroczyn,Siedlecka 11,ul
110227,SZKOŁA PODSTAWOWA IM. ARMII KRAJOWEJ W PUSTELNIKU,2026,Pustelnik,ul. Szkolna 16,Pustelnik,Szkolna 16,ul
110248,"SZKOŁA PODSTAWOWA Z ODDZIAŁAMI INTEGRACYJNYMI NR 112 IM. MARII KOWNACKIEJ W WARSZAWIE, UL. ZAUŁEK 34 SZKOLE JEST PODPORZĄDKOWANA ORGANIZACYJNIE SZKOŁA FILIALNA W WARSZAWIE, UL. OSTRÓDZKA 144",2026,Warszawa,ul. Zaułek 34,Warszawa,Zaułek 34,ul
110249,SZKOŁA PODSTAWOWA NR 118 IM.PRZYJACIÓŁ MAZOWSZA,2026,Warszawa,ul. Myśliborska 25,Warszawa,Myśliborska 25,ul
110250,SZKOŁA PODSTAWOWA Z ODDZIAŁAMI INTEGRACYJNYMI NR 154 IM. EDMUNDA STRZELECKIEGO,2026,Warszawa,ul. Leśnej Polanki 63/65,Warszawa,Leśnej Polanki 63/65,ul
110251,SZKOŁA PODSTAWOWA NR 231 IM. GEN. MARIUSZA ZARUSKIEGO,2026,Warszawa,ul. Juranda ze Spychowa 10,Warszawa,Juranda ze Spychowa 10,ul
110254,SZKOŁA PODSTAWOWA Z ODDZIAŁAMI INTEGRACYJNYMI NR 342 IM.JANA MARCINA SZANCERA,2026,Warszawa,ul. Strumykowa 21A,Warszawa,Strumykowa 21A,ul
110270,SZKOŁA PODSTAWOWA IM. MARII KONOPNICKIEJ,2026,Brzóze,ul. Szkolna 20,Brzóze,Szkolna 20,ul
110271,SZKOŁA PODSTAWOWA IM. KS. A.TYSZKI W JANOWIE,2026,Janów,ul. Strażacka 18,Janów,Strażacka 18,ul
110272,SZKOŁA PODSTAWOWA IM.GEN. JÓZEFA HALLERA W MARIANCE,2026,Marianka,ul. Wspólna 70,Marianka,Wspólna 70,ul
110489,"NIEPUBLICZNA SZKOŁA PODSTAWOWA ""SAPERE AUDE""",2026,Rajszew,ul. Modlińska 75,Rajszew,Modlińska 75,ul
111054,PUBLICZNA SZKOŁA PODSTAWOWA IM.STANISŁAWA STASZICA W WĄSEWIE,2026,Wąsewo,ul. Szkolna 1,Wąsewo,Szkolna 1,ul
111073,SZKOŁA PODSTAWOWA IM. MICHALINY CZECHOWSKIEJ W RADZANOWIE,2026,Radzanów,ul. Raciążska 53A,Radzanów,Raciążska 53A,ul
111101,"SZKOŁA PODSTAWOWA IM. VII OBWODU AK ""OBROŻA"" W BRZEZINACH",2026,Brzeziny,ul. Aleksandra Świętochowskiego 1,Brzeziny,Świętochowskiego 1,ul aleksandra
111105,SZKOŁA PODSTAWOWA IM. KORNELA MAKUSZYŃSKIEGO W HALINOWIE,2026,Halinów,ul. Okuniewska 115,Halinów,Okuniewska 115,ul
111180,SZKOŁA PODSTAWOWA IM.MARSZAŁKA JÓZEFA PIŁSUDSKIEGO W ZAMIENIU,2026,Zamienie,ul. Kołbielska 34,Zamienie,Kołbielska 34,ul
111186,SZKOŁA PODSTAWOWA IM. KAR. STEFANA WYSZYŃSKIEGO W STOJADŁACH,2026,Stojadła,ul. Południowa 20,Stojadła,Południowa 20,ul
111943,ZESPÓŁ PLACÓWEK OŚWIATOWYCH W SYPNIEWIE SZKOŁA PODSTAWOWA IM. WŁ.BRONIEWSKIEGO W SYPNIEWIE,2026,Sypniewo,ul. Władysława Broniewskiego 2A,Sypniewo,Broniewskiego 2A,ul władysława
111945,SZKOŁA PODSTAWOWA IM. WŁADYSŁAWA STANISŁAWA REYMONTA W GĄSEWIE PODUCHOWNYM,2026,Gąsewo Poduchowne,ul. Władysława Reymonta 12,Gąsewo Poduchowne,Reymonta 12,ul władysława
111978,PRYWATNA SZKOŁA PODSTAWOWA IM. JEANA MONNETA,2026,Warszawa,ul. Stępińska 13,Warszawa,Stępińska 13,ul
112011,SZKOŁA PODSTAWOWA IM.JANA BRZECHWY W OKUNIEWIE,2026,Okuniew,ul. Szkolna 4,Okuniew,Szkolna 4,ul
113848,PUBLICZNA SZKOŁA PODSTAWOWA IM. JANA PAWŁA II W SOBIENIACH-JEZIORACH,2026,Sobienie-Jeziory,ul. Garwolińska 14,Sobienie-Jeziory,Garwolińska 14,ul
115466,SZKOŁA PODSTAWOWA NR 2 IM. PAPIEŻA JANA PAWŁA II,2026,Ostrów Mazowiecka,ul. gen. Stefana Grota-Roweckiego 6,Ostrów Mazowiecka,Grota-Roweckiego 6,ul gen stefana
118381,"NIEPUBLICZNA SZKOŁA PODSTAWOWA ""PRAXIS""",2026,Łąki,ul. Weteranów 207,Łąki,Weteranów 207,ul
119011,PRYWATNA SZKOŁA PODSTAWOWA IM. RODZINY MORACZEWSKICH,2026,Sulejówek,ul. Aleja Piłsudskiego 81,Sulejówek,Aleja Piłsudskiego 81,ul
119791,PRYWATNA SZKOŁA PODSTAWOWA NR 62 IM. JOANNY KOLASIŃSKIEJ,2026,Warszawa,ul. Skrajna 10,Warszawa,Skrajna 10,ul
120723,"I JĘZYKOWA SZKOŁA PODSTAWOWA ""LANGUAGE"" W WYSZKOWIE",2026,Wyszków,ul. Komisji Edukacji Narodowej 2,Wyszków,Komisji Edukacji Narodowej 2,ul
121200,EDISON PRIMARY SCHOOL,2026,Warszawa,ul. Królewicza Jakuba 69,Warszawa,Jakuba 69,ul królewicza
121724,MIĘDZYNARODOWA SZKOŁA MONTESSORI W WARSZAWIE,2026,Warszawa,ul. Dzierzby 28,Warszawa,Dzierzby 28,ul
122140,SZKOŁA PODSTAWOWA IM. ORŁA BIAŁEGO W KASKACH,2026,Kaski,ul. Królewska 23,Kaski,Królewska 23,ul
122233,SZKOŁA PODSTAWOWA NR 224 DLA DOROSŁYCH,2026,Warszawa,ul. Mińska 1/5,Warszawa,Mińska 1/5,ul
122362,PRYWATNA SZKOŁA PODSTAWOWA ICO,2026,Wołomin,ul. Orwida 22,Wołomin,Orwida 22,ul
122566,"PRYWATNA SZKOŁA PODSTAWOWA ""WORLD SCHOOL""",2026,Piaseczno,ul. Pod Bateriami 60,Piaseczno,Pod Bateriami 60,ul
122579,SZKOŁA PODSTAWOWA NR 356 IM.RYSZARDA KACZOROWSKIEGO,2026,Warszawa,ul. Głębocka 66,Warszawa,Głębocka 66,ul
123456,SZKOŁA PODSTAWOWA NR 357 IM. MIKOŁAJA KOPERNIKA,2026,Warszawa,ul. Zachodzącego Słońca 25,Warszawa,Zachodzącego Słońca 25,ul
123511,"SZKOŁA PODSTAWOWA NIEPUBLICZNA IM. ""WIKTORII WIEDEŃSKIEJ"" FUNDACJI EDUKACYJNEJ ""VARSOVIA""",2026,Warszawa,ul. Kolegiacka 1,Warszawa,Kolegiacka 1,ul
123964,NIEPUBLICZNA SZKOŁA PODSTAWOWA IM. LEONARDA DA VINCI,2026,Książenice,ul. Mazowiecka 87A,Książenice,Mazowiecka 87A,ul
124008,PRYWATNA MĘSKA SZKOŁA PODSTAWOWA IM. CECYLII PLATER-ZYBERKÓWNY,2026,Warszawa,ul. Piękna 24/26,Warszawa,Piękna 24/26,ul
124060,NIEPUBLICZNA SZKOŁA PODSTAWOWA SPECJALNA W ZIELONCE,2026,Zielonka,ul. Marecka 76,Zielonka,Marecka 76,ul
124290,SZKOŁA PODSTAWOWA KOLUMBUS Z ODDZIAŁAMI DWUJĘZYCZNYMI,2026,Błonie,ul. Traugutta 14,Błonie,Traugutta 14,ul
125611,KORCZAKOWSKA SZKOŁA MARZEŃ - NIEPUBLICZNA SZKOŁA PODSTAWOWA WARSZAWIE,2026,Warszawa,ul. Urbanistów 3,Warszawa,Urbanistów 3,ul
126498,SZKOŁA PODSTAWOWA TWP,2026,Ciechanów,ul. Ignacego Kraszewskiego 8a,Ciechanów,Kraszewskiego 8a,ul ignacego
126578,SZKOŁA PODSTAWOWA Z ODDZIAŁAMI INTEGRACYJNYMI IM.ZYGMUNTA PADLEWSKIEGO W KAMPINOSIE,2026,Kampinos,ul. Szkolna 5,Kampinos,Szkolna 5,ul
127555,SZKOŁA PODSTAWOWA IM. 1 PUŁKU SZWOLEŻERÓW JÓZEFA PIŁSUDSKIEGO W MALCANOWIE,2026,Malcanów,ul. Mazowiecka 55,Malcanów,Mazowiecka 55,ul
127832,NOWATORSKA SZKOŁA PODSTAWOWA,2026,Warszawa,ul. Bogatki 23,Warszawa,Bogatki 23,ul
127926,DWUJĘZYCZNA NIEPUBLICZNA SZKOŁA PODSTAWOWA NOVUM,2026,Wołomin,ul. Legionów 63,Wołomin,Legionów 63,ul
128019,PUBLICZNA SZKOŁA PODSTAWOWA NR 1 Z ODDZIAŁAMI INTEGRACYJNYMI,2026,Julianów,ul. Julianowska 66B i 66C,Julianów,Julianowska 66B i 66C,ul
128589,"""BIG BEN"" NIEPUBLICZNA POLSKO-BRYTYJSKA SZKOŁA PODSTAWOWA IM. GENERAŁA WŁADYSŁAWA ANDERSA",2026,Lubiczów,ul. Warszawska 57,Lubiczów,Warszawska 57,ul
128770,"NIEPUBLICZNA SZKOŁA PODSTAWOWA ""TRAMPOLINE""",2026,Warszawa,ul. Obrońców 25,Warszawa,Obrońców 25,ul
130341,SZKOŁA PODSTAWOWA SPECJALNA,2026,Łomianki,ul. Warszawska 14,Łomianki,Warszawska 14,ul
130612,"SZKOŁA PODSTAWOWA NR 358 IM. HETMANA JANA ZAMOYSKIEGO W WARSZAWIE, PRZY UL. ŚW. URSZULI LEDÓCHOWSKIEJ 10",2026,Warszawa,ul. św. Urszuli Ledóchowskiej 10,Warszawa,Ledóchowskiej 10,ul św urszuli
130629,SZKOŁA PODSTAWOWA IM. WANDY RUTKIEWICZ W DUCHNICACH,2026,Duchnice,ul. Duchnicka 25,Duchnice,Duchnicka 25,ul
130849,SZKOŁA PODSTAWOWA NR 3 I. BOHATERÓW POWSTANIA WARSZAWSKIEGO Z ODDZIAŁAMI INTEGRACYJNYMI,2026,Piastów,ul. Aleja Tysiąclecia 5,Piastów,Aleja Tysiąclecia 5,ul
131791,SZKOŁA PODSTAWOWA PARTNER INTERNATIONAL PRIMARY SCHOOL Z ODDZIAŁAMI DWUJĘZYCZNYMI IM. MARII MONTESSORI,2026,Radom,ul. Romualda Traugutta 34,Radom,Traugutta 34,ul romualda
132912,SALEZJAŃSKA SZKOŁA PODSTAWOWA,2026,Sokołów Podlaski,ul. Księdza Bosco 1,Sokołów Podlaski,Bosco 1,ul księdza
133211,SZKOŁA PODSTAWOWA NR 4 IM. OBROŃCÓW WESTERPLATTE W WYSZKOWIE,2026,Wyszków,ul. Generała Józefa Sowińskiego 55,Wyszków,Sowińskiego 55,ul generała józefa
133334,"SZKOŁA PODSTAWOWA NR 5 IM. ZBIGNIEWA GĘSICKIEGO ""JUNO""",2026,Piastów,ul. Kazimierza Pułaskiego 6/8,Piastów,Pułaskiego 6/8,ul kazimierza
133414,SZKOŁA PODSTAWOWA NR 2 Z ODDZIAŁAMI DWUJĘZYCZNYMI IM. IRENY SZEWIŃSKIEJ W ŁOMIANKACH,2026,Łomianki,ul. Partyzantów 31,Łomianki,Partyzantów 31,ul
133420,SZKOŁA PODSTAWOWA IM. GENERAŁA MARIUSZA ZARUSKIEGO W ZIELONKACH- PARCELI,2026,Zielonki-Parcela,ul. Południowa 2,Zielonki-Parcela,Południowa 2,ul
133421,SZKOŁA PODSTAWOWA IM. PROFESOR JADWIGI KOBENDZY W KOCZARGACH STARYCH,2026,Koczargi Stare,ul. Akacjowa 12,Koczargi Stare,Akacjowa 12,ul
133455,SZKOŁA PODSTAWOWA NR 371 IM. SANDRO PERTINIEGO,2026,Warszawa,ul. Jana III Sobieskiego 68,Warszawa,Jana III Sobieskiego 68,ul
133457,SALEZJAŃSKA SZKOŁA PODSTAWOWA,2026,Legionowo,ul. Adama Mickiewicza 35A,Legionowo,Mickiewicza 35A,ul adama
133484,SZKOŁA PODSTAWOWA NR 395 IM. ROTMISTRZA WITOLDA PILECKIEGO,2026,Warszawa,ul. Józefa Sierakowskiego 9,Warszawa,Sierakowskiego 9,ul józefa
133567,"SZKOŁA PODSTAWOWA PRZY SPOŁECZNYM LICEUM OGÓLNOKSZTAŁCĄCYM NR 4 IM. BATALIONU AK ""PARASOL""",2026,Warszawa,ul. Hawajska 14a,Warszawa,Hawajska 14a,ul
133574,SZKOŁA PODSTAWOWA NR 382 IM. WARSZAWSKICH DZIECI,2026,Warszawa,ul. Konińska 2,Warszawa,Konińska 2,ul
133575,SZKOŁA PODSTAWOWA NR 381 IM. KRZYSZTOFA KAMILA BACZYŃSKIEGO,2026,Warszawa,ul. Michała Drzymały 1,Warszawa,Drzymały 1,ul michała
133576,SZKOŁA PODSTAWOWA NR 383 IM. KS. STEFANA KARDYNAŁA WYSZYŃSKIEGO,2026,Warszawa,ul. Warszawska 63,Warszawa,Warszawska 63,ul
133612,"SZKOŁA PODSTAWOWA NR 377 IM. MAJORA HENRYKA DOBRZAŃSKIEGO ""HUBALA"" W WARSZAWIE",2026,Warszawa,ul. Trocka 4,Warszawa,Trocka 4,ul
133613,SZKOŁA PODSTAWOWA NR 378 IM. IGNACEGO JANA PADEREWSKIEGO W WARSZAWIE,2026,Warszawa,ul. Bartnicza 8,Warszawa,Bartnicza 8,ul
133615,SZKOŁA PODSTAWOWA NR 380 IM. JANA PAWŁA II W WARSZAWIE,2026,Warszawa,ul. Krasiczyńska 4/6,Warszawa,Krasiczyńska 4/6,ul
133620,SZKOŁA PODSTAWOWA NR 387 IM. SZARYCH SZEREGÓW,2026,Warszawa,ul. Marcina Kasprzaka 1/3,Warszawa,Kasprzaka 1/3,ul marcina
133623,SZKOŁA PODSTAWOWA NR 386 IM. MARSZAŁKA JÓZEFA PIŁSUDSKIEGO,2026,Warszawa,ul. Grenady 16,Warszawa,Grenady 16,ul
133625,SZKOŁA PODSTAWOWA NR 389 IM. STEFANA STARZYŃSKIEGO,2026,Warszawa,ul. Smocza 19,Warszawa,Smocza 19,ul
133627,SZKOŁA PODSTAWOWA DLA DOROSŁYCH NR 390,2026,Warszawa,ul. Księcia Janusza 45/47,Warszawa,Janusza 45/47,ul księcia
133678,SZKOŁA PODSTAWOWA NR 370,2026,Warszawa,ul. Lwa Tołstoja 2,Warszawa,Tołstoja 2,ul lwa
133692,SZKOŁA PODSTAWOWA NR 14 IM. PROF. WŁADYSŁAWA SZAFERA W PŁOCKU,2026,Płock,al. Al. Stanisława Jachowicza 20,Płock,Al. Stanisława Jachowicza 20,
133694,"SZKOŁA PODSTAWOWA NR 3 IM. MIRY ZIMIŃSKIEJ-SYGIETYŃSKIEJ, Z ODDZIAŁAMI PRZEDSZKOLNYMI I ODDZIAŁAMI INTEGRACYJNYMI",2026,Pruszków,al. Wojska Polskiego 34,Pruszków,Wojska Polskiego 34,al
133695,SZKOŁA PODSTAWOWA NR 2 IM. KSIĄŻĄT MAZOWIECKICH W PŁOCKU,2026,Płock,ul. Faustyna Piaska 5,Płock,Piaska 5,ul faustyna
133696,"SZKOŁA PODSTAWOWA NR 4 IM. JANA PAWŁA II, Z ODDZIAŁAMI PRZEDSZKOLNYMI I ODDZIAŁAMI SPORTOWYMI",2026,Pruszków,ul. Hubala 4,Pruszków,Hubala 4,ul
133697,SZKOŁA PODSTAWOWA Z ODDZIAŁAMI INTEGRACYJNYMI NR 8 IM. ALEKSANDRA MACIESZY W PŁOCKU,2026,Płock,ul. gen. Tadeusza Kutrzeby 2a,Płock,Kutrzeby 2a,ul gen tadeusza
133707,"SZKOŁA PODSTAWOWA NR 391 IM. MACIEJA ALEKSEGO DAWIDOWSKIEGO PS. ""ALEK""",2026,Warszawa,ul. Filarecka 2,Warszawa,Filarecka 2,ul
133910,SZKOŁA PODSTAWOWA NR 4 IM JANUSZA KORCZAKA,2026,Sulejówek,ul. Narutowicza 10,Sulejówek,Narutowicza 10,ul
134005,SZKOŁA PODSTAWOWA NR 362 IM. PROF. TADEUSZA KOTARBIŃSKIEGO,2026,Warszawa,ul. gen. Waleriana Czumy 8,Warszawa,Czumy 8,ul gen waleriana
134006,SZKOŁA PODSTAWOWA NR 363 IM. PROF. WITOLDA DOROSZEWSKIEGO,2026,Warszawa,ul. Rozłogi 10,Warszawa,Rozłogi 10,ul
134007,SZKOŁA PODSTAWOWA NR 364 IM. KONSTANCJI MARKIEWICZ,2026,Warszawa,ul. Michała Elwira Andriollego 1,Warszawa,Andriollego 1,ul michała elwira
196243,SZKOŁA PODSTAWOWA SPECJALNA W WIERZBICY,2026,Wierzbica,ul. Sienkiewicza 55,Wierzbica,Sienkiewicza 55,ul
196257,SZKOŁA PODSTAWOWA NR 394,2026,Warszawa,ul. Mahatmy Gandhiego 13,Warszawa,Gandhiego 13,ul mahatmy
196313,SZKOŁA PODSTAWOWA NR 6 Z ODDZIAŁAMI INTEGRACYJNYMI IM. KRÓLA WŁADYSŁAWA JAGIEŁŁY W SOCHACZEWIE,2026,Sochaczew,ul. Stanisława Staszica 106,Sochaczew,Staszica 106,ul stanisława
196395,PUBLICZNA SZKOŁA PODSTAWOWA NR 2 IM. PAPIEŻA JANA PAWŁA II W CHORZELACH,2026,Chorzele,ul. Szkolna 4b,Chorzele,Szkolna 4b,ul
196413,SZKOŁA PODSTAWOWA NR 3 IM. HUGONA KOŁŁĄTAJA W BŁONIU,2026,Błonie,ul. Okrzei 3,Błonie,Okrzei 3,ul
196445,"SZKOŁA PODSTAWOWA NR 7 IM. BATALIONU ""ZOŚKA"" Z ODDZIAŁAMI INTEGRACYJNYMI",2026,Otwock,ul. Majowa 267,Otwock,Majowa 267,ul
196450,SZKOŁA PODSTAWOWA NR 2 IM. IRENY SENDLEROWEJ,2026,Otwock,ul. Józefa Poniatowskiego 47/49,Otwock,Poniatowskiego 47/49,ul józefa
196452,SZKOŁA PODSTAWOWA NR 4 IM. JÓZEFA PIŁSUDSKIEGO,2026,Otwock,ul. Szkolna 31,Otwock,Szkolna 31,ul
262225,SZKOŁA PODSTAWOWA NR 4 IM. ŚW. MAKSYMILIANA MARII KOLBEGO W BŁONIU,2026,Błonie,ul. Narutowicza 4,Błonie,Narutowicza 4,ul
262232,SZKOŁA PODSTAWOWA NR 397 IM. BOHATERÓW OLSZYNKI GROCHOWSKIEJ,2026,Warszawa,ul. Afrykańska 11,Warszawa,Afrykańska 11,ul
262234,SZKOŁA PODSTAWOWA NR 375 IM. ORLĄT LWOWSKICH,2026,Warszawa,ul. gen. Romana Abrahama 10,Warszawa,Abrahama 10,ul gen romana
262236,SZKOŁA PODSTAWOWA NR 374 IM. GEN. PIOTRA SZEMBEKA,2026,Warszawa,ul. Boremlowska 6/12,Warszawa,Boremlowska 6/12,ul
262245,SZKOŁA PODSTAWOWA NR 2 IM.ORŁA BIAŁEGO W CHOTOMOWIE,2026,Chotomów,ul. Partyzantów 23,Chotomów,Partyzantów 23,ul
262274,SZKOŁA PODSTAWOWA SPECJALNA IM. ŚW. MAŁGORZATY Z KORTONY,2026,Piaseczno,ul. Zgoda 14,Piaseczno,Zgoda 14,ul
262307,PUBLICZNA SZKOŁA PODSTAWOWA NR 10 Z ODDZIAŁAMI INTEGRACYJNYMI IM.LOTNIKÓW POLSKICH W RADOMIU,2026,Radom,ul. Długojowska 6,Radom,Długojowska 6,ul
262309,PUBLICZNA SZKOŁA PODSTAWOWA NR 22 Z ODDZIAŁAMI INTEGRACYJNYMI IM. MIKOŁAJA REJA W RADOMIU,2026,Radom,ul. Krucza 2,Radom,Krucza 2,ul
262310,PUBLICZNA SZKOŁA PODSTAWOWA NR 27 IM. SZARYCH SZEREGÓW W RADOMIU,2026,Radom,ul. Sadkowska 16,Radom,Sadkowska 16,ul
262336,"SZKOŁA PODSTAWOWA SPECJALNA IM. ALBERTA EINSTEINA W MŁODZIEŻOWYM OŚRODKU SOCJOTERAPII ""PAŁACYK"" W RADOMIU",2026,Radom,ul. Krychnowicka 1,Radom,Krychnowicka 1,ul
262353,SZKOŁA PODSTAWOWA NR 1,2026,Góra Kalwaria,ul. Księdza Zygmunta Sajny 16,Góra Kalwaria,Sajny 16,ul księdza zygmunta
262429,SZKOŁA PODSTAWOWA NR 376 IM. BOHATERÓW WESTRPLATTE W WARSZAWIE,2026,Warszawa,"ul. gen. Karola Ziemskiego ""Wachnowskiego"" 22",Warszawa,"Ziemskiego ""Wachnowskiego"" 22",ul gen karola
262437,SZKOŁA PODSTAWOWA NR 2 IM. JANUSZA KORCZAKA W ŁOCHOWIE,2026,Łochów,ul. Stanisława Wyspiańskiego 20,Łochów,Wyspiańskiego 20,ul stanisława
262464,SZKOŁA PODSTAWOWA NR 3 IM. ŁĄCZNICZEK ARMII KRAJOWEJ W JÓZEFOWIE,2026,Józefów,ul. Leśna 39,Józefów,Leśna 39,ul
262502,SZKOŁA PODSTAWOWA NR 3 IM. TADEUSZA KOŚCIUSZKI,2026,Przasnysz,ul. Orlika 48,Przasnysz,Orlika 48,ul
262608,PUBLICZNA SZKOŁA PODSTAWOWA NR 1 Z ODDZIAŁAMI DWUJĘZYCZNYMI,2026,Mogielnica,ul. Nowomiejska 1,Mogielnica,Nowomiejska 1,ul
262628,SZKOŁA PODSTAWOWA NR 1 IM. JANA PAWŁA II W SOCHACZEWIE,2026,Sochaczew,ul. Prezydenta Ryszarda Kaczorowskiego 7,Sochaczew,Kaczorowskiego 7,ul prezydenta ryszarda
262659,SZKOŁA PODSTAWOWA NR 2 IM. JANA PAWŁA II,2026,Wieliszew,ul. Janusza Kusocińskiego 1,Wieliszew,Kusocińskiego 1,ul janusza
262736,SZKOŁA PODSTAWOWA NR 1 IM. JANA DOBROGOSTA KRASIŃSKIEGO W WĘGROWIE,2026,Węgrów,ul. Karola Szamoty 35,Węgrów,Szamoty 35,ul karola
262873,SZKOŁA PODSTAWOWA IM. BOHATERÓW BITWY WARSZAWSKIEJ 1920 R. W STANISŁAWOWIE PIERWSZYM,2026,Stanisławów Pierwszy,ul. Jana Kazimierza 291,Stanisławów Pierwszy,Jana Kazimierza 291,ul
262913,SPOŁECZNA SZKOŁA PODSTAWOWA MILANOWSKIEGO TOWARZYSTWA EDUKACYJNEGO,2026,Milanówek,ul. Brzozowa 1a,Milanówek,Brzozowa 1a,ul
262923,SZKOŁA PODSTAWOWA NR 4 IM. STEFANA KARDYNAŁA WYSZYŃSKIEGO,2026,Zielonka,ul. Waleriana Łukasińskiego 1/3,Zielonka,Łukasińskiego 1/3,ul waleriana
262929,SZKOŁA PODSTAWOWA NR 3 IM. DRA JÓZEFA OSTASZEWSKIEGO W MŁAWIE,2026,Mława,ul. Henryka Pogorzelskiego 4,Mława,Pogorzelskiego 4,ul henryka
262935,SZKOŁA PODSTAWOWA ŚW. TOMASZA Z AKWINU,2026,Józefów,ul. Piotra Skargi 13,Józefów,Skargi 13,ul piotra
262959,NIEPUBLICZNA SZKOŁA PODSTAWOWA PROEDUCADO,2026,Wołomin,ul. Oleńki 9,Wołomin,Oleńki 9,ul
263047,SZKOŁA PODSTAWOWA NR 365 IM.WOJCIECHA ZAWADZKIEGO,2026,Warszawa,ul. Płużnicka 4,Warszawa,Płużnicka 4,ul
263050,SZKOŁA PODSTAWOWA NR 367 IM. POLSKICH NOBLISTÓW,2026,Warszawa,ul. Przytulna 3,Warszawa,Przytulna 3,ul
263055,SZKOŁA PODSTAWOWA NR 5 IM. KSIĘCIA MAZOWIECKIEGO SIEMOWITA IV,2026,Gostynin,ul. Polna 36,Gostynin,Polna 36,ul
263088,SZKOŁA PODSTAWOWA NR 1 IM. KOMISJI EDUKACJI NARODOWEJ W SIEDLCACH,2026,Siedlce,ul. Stanisława Konarskiego 5,Siedlce,Konarskiego 5,ul stanisława
263091,SZKOŁA PODSTAWOWA NR 2 IM.GABRIELA NARUTOWICZA W SIEDLCACH,2026,Siedlce,ul. Szkolna 2,Siedlce,Szkolna 2,ul
263094,SZKOŁA PODSTAWOWA NR 3 Z ODDZIAŁAMI INTEGRACYJNYMI IM. TADEUSZA KOŚCIUSZKI W SIEDLCACH,2026,Siedlce,ul. Sekulska 10,Siedlce,Sekulska 10,ul
263096,SZKOŁA PODSTAWOWA NR 8 IM. STEFANA KARDYNAŁA WYSZYŃSKIEGO W SIEDLCACH,2026,Siedlce,ul. Pescantina 2,Siedlce,Pescantina 2,ul
263110,NIEPUBLICZNA OŚMIOLETNIA SZKOŁA PODSTAWOWA Z ODDZIAŁAMI PRZYSPOSABIAJĄCYMI DO PRACY W SIEDLCACH,2026,Siedlce,ul. Szkolna 33,Siedlce,Szkolna 33,ul
263134,SZKOŁA PODSTAWOWA NR 5 IM. LEONIDA TELIGI,2026,Grodzisk Mazowiecki,ul. L. Zondka 6,Grodzisk Mazowiecki,Zondka 6,ul l
263147,NIEPUBLICZNA SZKOŁA PODSTAWOWA W ADAMOWIŹNIE,2026,Adamowizna,ul. Osowiecka 98D,Adamowizna,Osowiecka 98D,ul
263233,PUBLICZNA SZKOŁA PODSTAWOWA IM. KAROLA WOJTYŁY W NOWYM MIEŚCIE NAD PILICĄ,2026,Nowe Miasto nad Pilicą,ul. Ogrodowa 16,Nowe Miasto nad Pilicą,Ogrodowa 16,ul
263246,SZKOŁA PODSTAWOWA SPECJALNA PRZY MŁODZIEŻOWYM OŚRODKU SOCJOTERAPII W SOLCU NAD WISŁĄ,2026,Solec nad Wisłą,ul. Wczasowa 44,Solec nad Wisłą,Wczasowa 44,ul
263411,SZKOŁA PODSTAWOWA NR 3 Z ODDZIAŁAMI DWUJĘZYCZNYMI I SPORTOWYMI IM. JANUSZA KUSOCIŃSKIEGO W ŁOMIANKACH,2026,Łomianki,ul. Stanisława Staszica 2,Łomianki,Staszica 2,ul stanisława
263733,NIEPUBLICZNA SZKOŁA PODSTAWOWA AURUS,2026,Warszawa,ul. Poleczki 7,Warszawa,Poleczki 7,ul
264241,PRYWATNA SZKOŁA PODSTAWOWA NR 41 EDU BENE,2026,Warszawa,ul. Świętojerska 24,Warszawa,Świętojerska 24,ul
264325,NIEPUBLICZNA SZKOŁA PODSTAWOWA NR 1 IM. KRZYSZTOFA KOLUMBA W ŻYRARDOWIE,2026,Żyrardów,ul. Adama Mickiewicza 126/128,Żyrardów,Mickiewicza 126/128,ul adama
264398,SZKOŁA PODSTAWOWA IM. SAMUELA BOGUMIŁA LINDEGO,2026,Warszawa,ul. Jana Rosoła 10,Warszawa,Rosoła 10,ul jana
267059,SZKOŁA PODSTAWOWA NR 5 IM I. J. PADEREWSKIEGO,2026,Pruszków,ul. Jana Długosza 53,Pruszków,Długosza 53,ul jana
267728,SZKOŁA PODSTAWOWA NR 360 IM. POLSKICH NOBLISTEK,2026,Warszawa,ul. Dzieci Warszawy 42A,Warszawa,Dzieci Warszawy 42A,ul
267771,SZKOŁA PODSTAWOWA IM. A. EINSTEINA,2026,Warszawa,ul. Prymasa Augusta Hlonda 20,Warszawa,Hlonda 20,ul prymasa augusta
268561,PRYWATNA SZKOŁA PODSTAWOWA IM. ZOFII I JĘDRZEJA MORACZEWSKICH,2026,Warszawa,ul. Cyrulików 87,Warszawa,Cyrulików 87,ul
272362,MIĘDZYNARODOWA SZKOŁA PODSTAWOWA TE VIZJA,2026,Warszawa,ul. Okopowa 59,Warszawa,Okopowa 59,ul
274372,"SZKOŁA PODSTAWOWA NR 400 IM. MARII SKŁODOWSKIEJ-CURIE W WARSZAWIE, UL. OŚ KRÓLEWSKA 25",2026,Warszawa,ul. Oś Królewska 25,Warszawa,Oś Królewska 25,ul
274375,SZKOŁA PODSTAWOWA NR 361 IM. PAPCIA CHMIELA,2026,Warszawa,ul. Ruskowy Bród 19,Warszawa,Ruskowy Bród 19,ul
274902,SZKOŁA PODSTAWOWA NR 4 IM. ŚW. JANA PAWŁA II,2026,Ząbki,ul. Harcerska 9,Ząbki,Harcerska 9,ul
275007,KATOLICKA SZKOŁA PODSTAWOWA IM. BŁ. ABPA ANTONIEGO JULIANA NOWOWIEJSKIEGO I BŁ. BPA LEONA WETMAŃSKIEGO W PŁOCKU,2026,Płock,ul. abp. Antoniego Juliana Nowowiejskiego 2A,Płock,Nowowiejskiego 2A,ul abp antoniego juliana
275580,NIEPUBLICZNA SZKOŁA PODSTAWOWA Z ODDZIAŁAMI DWUJĘZYCZNYMI H2H,2026,Warszawa,ul. Ryżowa 33b,Warszawa,Ryżowa 33b,ul
277418,SZKOŁA PODSTAWOWA W ZAMIENIU,2026,Zamienie,ul. Waniliowa 7,Zamienie,Waniliowa 7,ul
277567,SZKOŁA PODSTAWOWA NR 402 IM. HALINY KONOPACKIEJ,2026,Warszawa,ul. Jana Nowaka-Jeziorańskiego 22,Warszawa,Nowaka-Jeziorańskiego 22,ul jana
277719,SZKOŁA PODSTAWOWA NR 6 IM. MAŁGORZATY DYDEK W ZĄBKACH,2026,Ząbki,ul. Dzika 36,Ząbki,Dzika 36,ul
277797,SZKOŁA PODSTAWOWA NR 396,2026,Warszawa,ul. Anny German 5A,Warszawa,German 5A,ul anny
478003,PUBLICZNA SZKOŁA PODSTAWOWA ZIARNO,2026,Warszawa,ul. Modlińska 184a,Warszawa,Modlińska 184a,ul
478636,NIEPUBLICZNA SZKOŁA PODSTAWOWA EDUSPEKTRUM,2026,Legionowo,ul. Gabriela Narutowicza 96,Legionowo,Narutowicza 96,ul gabriela
482101,SZKOŁA PODSTAWOWA NR 408,2026,Warszawa,ul. Arkuszowa 202,Warszawa,Arkuszowa 202,ul
482290,NIEPUBLICZNA SZKOŁA PODSTAWOWA SZKOŁA BEZ GRANIC SŁUPNO,2026,Słupno,ul. Szkolna 3,Słupno,Szkolna 3,ul
